"Physical Time: Physical Time (s)","Surface Average Rear Temp1 Monitor: Surface Average of Temperature (K)"
0.001,1473.00000000001
0.002,1473.00000000001
0.003,1473.00000000001
0.004,1473.00000000002
0.005,1473.00000000011
0.006,1473.00000000042
0.007,1473.00000000143
0.008,1473.00000000429
0.009,1473.00000001161
0.01,1473.00000002878
0.011,1473.00000006612
0.012,1473.00000014218
0.013,1473.00000028837
0.014,1473.00000055533
0.015,1473.00000102106
0.016,1473.00000180093
0.017,1473.00000305963
0.018,1473.00000502447
0.019,1473.00000800022
0.02,1473.00001238451
0.021,1473.00001868364
0.022,1473.00002752766
0.023,1473.00003968491
0.024,1473.00005607458
0.025,1473.00007777729
0.026,1473.00010604302
0.027,1473.00014229613
0.028,1473.00018813724
0.029,1473.00024534219
0.03,1473.00031585644
0.031,1473.00040178851
0.032,1473.00050539898
0.033,1473.00062908732
0.034,1473.0007753766
0.035,1473.00094689623
0.036,1473.00114636329
0.037,1473.00137656285
0.038,1473.00164032761
0.039,1473.00194051741
0.04,1473.00227999866
0.041,1473.00266162442
0.042,1473.00308821497
0.043,1473.00356253953
0.044,1473.00408729894
0.045,1473.00466509963
0.046,1473.00529847311
0.047,1473.00598982265
0.048,1473.00674143004
0.049,1473.00755544425
0.05,1473.00843387276
0.051,1473.00937857456
0.052,1473.01039125466
0.053,1473.01147346014
0.054,1473.01262657733
0.055,1473.0138518304
0.056,1473.015150281
0.057,1473.01652282897
0.058,1473.017970214
0.059,1473.01949301813
0.06,1473.02109166902
0.061,1473.02276644384
0.062,1473.0245174738
0.063,1473.02634474909
0.064,1473.02824812427
0.065,1473.03022732396
0.066,1473.03228194884
0.067,1473.03441148176
0.068,1473.03661529377
0.069,1473.03889265162
0.07,1473.04124272258
0.071,1473.04366458178
0.0720000000000001,1473.04615697555
0.0730000000000001,1473.04871915049
0.0740000000000001,1473.05134988176
0.0750000000000001,1473.0540479212
0.0760000000000001,1473.05681196903
0.0770000000000001,1473.05964067285
0.0780000000000001,1473.06253263132
0.0790000000000001,1473.06548639881
0.0800000000000001,1473.0685004902
0.0810000000000001,1473.07157338563
0.0820000000000001,1473.07470353517
0.0830000000000001,1473.07788936316
0.0840000000000001,1473.08112927247
0.0850000000000001,1473.08442164853
0.0860000000000001,1473.0877648631
0.0870000000000001,1473.09115727513
0.0880000000000001,1473.09459724055
0.0890000000000001,1473.09808311544
0.0900000000000001,1473.10161324879
0.0910000000000001,1473.10518599337
0.0920000000000001,1473.10879970713
0.0930000000000001,1473.11245298617
0.0940000000000001,1473.11614387509
0.0950000000000001,1473.11987082542
0.0960000000000001,1473.12363225401
0.0970000000000001,1473.12742658258
0.0980000000000001,1473.13125224648
0.0990000000000001,1473.135107698
0.1,1473.13899140837
0.101,1473.1429018692
0.102,1473.14683759375
0.103,1473.15079711795
0.104,1473.15477900131
0.105,1473.15878182769
0.106,1473.16280420573
0.107,1473.16684477603
0.108,1473.17090219418
0.109,1473.17497514651
0.11,1473.17906234693
0.111,1473.18316253662
0.112,1473.18727448406
0.113,1473.19139698526
0.114,1473.1955288637
0.115,1473.19966897048
0.116,1473.2038161842
0.117,1473.20796941095
0.118,1473.2121275842
0.119,1473.21628966468
0.12,1473.22045464014
0.121,1473.2246215252
0.122,1473.22878936111
0.123,1473.23295721547
0.124,1473.23712418194
0.125,1473.24128937996
0.126,1473.24545195444
0.127,1473.24961107533
0.128,1473.25376502711
0.129,1473.25791427835
0.13,1473.2620578682
0.131,1473.26619500479
0.132,1473.27032495271
0.133,1473.27444701065
0.134,1473.2785605048
0.135,1473.2826647861
0.136,1473.28675922883
0.137,1473.29084322955
0.138,1473.29491620629
0.139,1473.29897759794
0.14,1473.30302686367
0.141,1473.30706348234
0.142,1473.31108695208
0.143,1473.31509678973
0.144,1473.31909253043
0.145,1473.32307372717
0.146,1473.32703995035
0.147,1473.33099078734
0.148,1473.33492584207
0.149,1473.33884473464
0.15,1473.34274710088
0.151,1473.34663259197
0.152,1473.35050087404
0.153,1473.35435162782
0.154,1473.3581845482
0.155,1473.36199934394
0.156,1473.36579573721
0.157,1473.36957346331
0.158,1473.37333227028
0.159,1473.37707191856
0.16,1473.38079218065
0.161,1473.38449284078
0.162,1473.38817369458
0.163,1473.39183454876
0.164,1473.39547522081
0.165,1473.39909553867
0.166,1473.40269534044
0.167,1473.4062744741
0.168,1473.40983279719
0.169,1473.41337017655
0.17,1473.41688648806
0.171,1473.42038161633
0.172,1473.42385545446
0.173,1473.4273079038
0.174,1473.43073887367
0.175,1473.43414828113
0.176,1473.43753605072
0.177,1473.44090211427
0.178,1473.44424641062
0.179,1473.44756888544
0.18,1473.45086949099
0.181,1473.45414818591
0.182,1473.45740493502
0.183,1473.46063970914
0.184,1473.46385248483
0.185,1473.46704324429
0.186,1473.47021197507
0.187,1473.47335866999
0.188,1473.4764833269
0.189,1473.47958594853
0.19,1473.4826665423
0.191,1473.4857251202
0.192,1473.48876169862
0.193,1473.49177629814
0.194,1473.49476894346
0.195,1473.49773966321
0.196,1473.50068848981
0.197,1473.50361545934
0.198,1473.50652061141
0.199,1473.50940398902
0.2,1473.51226563845
0.201,1473.51510560909
0.202,1473.5179239534
0.203,1473.52072072671
0.204,1473.52349598718
0.205,1473.52624979562
0.206,1473.52898221544
0.207,1473.53169331252
0.208,1473.53438315512
0.209,1473.53705181376
0.21,1473.53969936116
0.211,1473.54232587212
0.212,1473.54493142345
0.213,1473.54751609386
0.214,1473.5500799639
0.215,1473.55262311586
0.216,1473.55514563371
0.217,1473.55764760299
0.218,1473.56012911079
0.219,1473.56259024562
0.22,1473.56503109736
0.221,1473.56745175722
0.222,1473.56985231763
0.223,1473.57223287221
0.224,1473.57459351569
0.225,1473.57693434385
0.226,1473.57925545347
0.227,1473.58155694227
0.228,1473.58383890887
0.229,1473.58610145269
0.23,1473.58834467397
0.231,1473.59056867364
0.232,1473.59277355335
0.233,1473.59495941538
0.234,1473.59712636258
0.235,1473.59927449838
0.236,1473.60140392669
0.237,1473.60351475191
0.238,1473.60560707884
0.239,1473.60768101269
0.24,1473.60973665901
0.241,1473.61177412367
0.242,1473.61379351283
0.243,1473.61579493286
0.244,1473.61777849041
0.245,1473.61974429226
0.246,1473.62169244535
0.247,1473.62362305679
0.248,1473.62553623372
0.249,1473.62743208341
0.25,1473.62931071315
0.251,1473.63117223023
0.252,1473.63301674197
0.253,1473.63484435564
0.254,1473.63665517846
0.255,1473.63844931759
0.256,1473.64022688007
0.257,1473.64198797286
0.258,1473.64373014179
0.259,1473.64545708789
0.26,1473.6471682814
0.261,1473.64886365207
0.262,1473.65054323234
0.263,1473.65220708801
0.264,1473.65385529939
0.265,1473.65548795449
0.266,1473.65710514597
0.267,1473.65870696946
0.268,1473.66029352256
0.269,1473.66186490415
0.27,1473.66342121396
0.271,1473.66496255227
0.272,1473.66648901966
0.273,1473.66800071683
0.274,1473.66949774453
0.275,1473.67098020341
0.276,1473.67244819399
0.277,1473.67390181656
0.278,1473.67534117119
0.279,1473.67676635765
0.28,1473.67817747539
0.281,1473.67957462355
0.282,1473.68095790089
0.283,1473.68232740579
0.284,1473.68368323624
0.285,1473.68502548986
0.286,1473.6863542638
0.287,1473.68766965482
0.288,1473.68897175924
0.289,1473.69026067292
0.29,1473.6915364913
0.291,1473.69279930933
0.292,1473.69404922152
0.293,1473.69528632189
0.294,1473.69651070401
0.295,1473.69772246095
0.296,1473.69892168532
0.297,1473.7001084692
0.298,1473.70128290423
0.299,1473.70244508153
0.3,1473.70359509173
0.301,1473.70473302495
0.302,1473.70585897081
0.303,1473.70697301845
0.304,1473.70807525646
0.305,1473.70916577296
0.306,1473.71024465556
0.307,1473.71131199133
0.308,1473.71236786685
0.309,1473.71341236817
0.31,1473.71444558085
0.311,1473.71546758992
0.312,1473.71647847989
0.313,1473.71747833478
0.314,1473.71846723805
0.315,1473.71944527268
0.316,1473.72041252114
0.317,1473.72136906534
0.318,1473.72231498671
0.319,1473.72325036616
0.32,1473.72417528408
0.321,1473.72508982035
0.322,1473.72599405433
0.323,1473.72688806486
0.324,1473.7277719303
0.325,1473.72864572845
0.326,1473.72950953664
0.327,1473.73036343166
0.328,1473.73120748984
0.329,1473.73204178695
0.33,1473.73286639827
0.331,1473.7336813986
0.332,1473.73448686221
0.333,1473.73528286287
0.334,1473.73606947386
0.335,1473.73684676798
0.336,1473.73761481748
0.337,1473.73837369418
0.338,1473.73912346936
0.339,1473.73986421382
0.34,1473.74059599788
0.341,1473.74131889138
0.342,1473.74203296365
0.343,1473.74273828355
0.344,1473.74343491946
0.345,1473.74412293927
0.346,1473.74480241042
0.347,1473.74547339983
0.348,1473.74613597399
0.349,1473.7467901989
0.35,1473.74743614009
0.351,1473.74807386263
0.352,1473.74870343111
0.353,1473.74932490968
0.354,1473.74993836203
0.355,1473.75054385136
0.356,1473.75114144047
0.357,1473.75173119165
0.358,1473.75231316677
0.359,1473.75288742725
0.36,1473.75345403408
0.361,1473.75401304776
0.362,1473.75456452839
0.363,1473.75510853564
0.364,1473.7556451287
0.365,1473.75617436635
0.366,1473.75669630696
0.367,1473.75721100845
0.368,1473.7577185283
0.369,1473.75821892359
0.37,1473.75871225098
0.371,1473.7591985667
0.372,1473.75967792656
0.373,1473.76015038598
0.374,1473.76061599995
0.375,1473.76107482304
0.376,1473.76152690945
0.377,1473.76197231294
0.378,1473.76241108689
0.379,1473.76284328428
0.38,1473.76326895769
0.381,1473.7636881593
0.382,1473.76410094093
0.383,1473.76450735395
0.384,1473.76490744941
0.385,1473.76530127795
0.386,1473.76568888982
0.387,1473.76607033489
0.388,1473.76644566269
0.389,1473.76681492232
0.39,1473.76717816256
0.391,1473.76753543179
0.392,1473.76788677804
0.393,1473.76823224897
0.394,1473.76857189187
0.395,1473.7689057537
0.396,1473.76923388103
0.397,1473.76955632008
0.398,1473.76987311675
0.399,1473.77018431657
0.4,1473.77048996471
0.401,1473.77079010601
0.402,1473.77108478497
0.403,1473.77137404575
0.404,1473.77165793216
0.405,1473.7719364877
0.406,1473.7722097555
0.407,1473.77247777841
0.408,1473.7727405989
0.409,1473.77299825915
0.41,1473.773250801
0.411,1473.77349826597
0.412,1473.77374069527
0.413,1473.77397812979
0.414,1473.7742106101
0.415,1473.77443817646
0.416,1473.77466086884
0.417,1473.77487872686
0.418,1473.77509178987
0.419,1473.77530009691
0.42,1473.77550368671
0.421,1473.7757025977
0.422,1473.77589686804
0.423,1473.77608653555
0.424,1473.7762716378
0.425,1473.77645221204
0.426,1473.77662829526
0.427,1473.77679992414
0.428,1473.77696713507
0.429,1473.77712996419
0.43,1473.77728844735
0.431,1473.77744262009
0.432,1473.77759251771
0.433,1473.77773817523
0.434,1473.77787962739
0.435,1473.77801690867
0.436,1473.77815005327
0.437,1473.77827909513
0.438,1473.77840406793
0.439,1473.77852500508
0.44,1473.77864193975
0.441,1473.77875490482
0.442,1473.77886393295
0.443,1473.77896905651
0.444,1473.77907030764
0.445,1473.77916771824
0.446,1473.77926131993
0.447,1473.7793511441
0.448,1473.77943722191
0.449,1473.77951958425
0.45,1473.77959826179
0.451,1473.77967328495
0.452,1473.77974468392
0.453,1473.77981248864
0.454,1473.77987672883
0.455,1473.77993743398
0.456,1473.77999463334
0.457,1473.78004835593
0.458,1473.78009863056
0.459,1473.78014525466
0.46,1473.78018857242
0.461,1473.78022856648
0.462,1473.78026525118
0.463,1473.78029864795
0.464,1473.78032878037
0.465,1473.78035567293
0.466,1473.78037935065
0.467,1473.78039983878
0.468,1473.78041716274
0.469,1473.780431348
0.47,1473.78044242
0.471,1473.78045040414
0.472,1473.7804553257
0.473,1473.78045720987
0.474,1473.78045608168
0.475,1473.78045196604
0.476,1473.78044488768
0.477,1473.78043487118
0.478,1473.78042194095
0.479,1473.78040612121
0.48,1473.78038743605
0.481,1473.78036590934
0.482,1473.7803415648
0.483,1473.78031442598
0.484,1473.78028451622
0.485,1473.78025185871
0.486,1473.78021647647
0.487,1473.78017839232
0.488,1473.78013762895
0.489,1473.78009420881
0.49,1473.78004815424
0.491,1473.77999948737
0.492,1473.77994823019
0.493,1473.77989440447
0.494,1473.77983803188
0.495,1473.77977913386
0.496,1473.77971773172
0.497,1473.77965384661
0.498,1473.77958749947
0.499,1473.77951871112
0.5,1473.77944750221
0.501,1473.77937389322
0.502,1473.77929790448
0.503,1473.77921955614
0.504,1473.77913886823
0.505,1473.77905586058
0.506,1473.77897055292
0.507,1473.77888296476
0.508,1473.7787931155
0.509,1473.77870102438
0.51,1473.7786067105
0.511,1473.77851019278
0.512,1473.77841149002
0.513,1473.77831062087
0.514,1473.77820760381
0.515,1473.7781024572
0.516,1473.77799519925
0.517,1473.77788584802
0.518,1473.77777442143
0.519,1473.77766093727
0.52,1473.77754541317
0.521,1473.77742786665
0.522,1473.77730831506
0.523,1473.77718677563
0.524,1473.77706326547
0.525,1473.77693780152
0.526,1473.77681040062
0.527,1473.77668107946
0.528,1473.77654985459
0.529,1473.77641674245
0.53,1473.77628175934
0.531,1473.77614492143
0.532,1473.77600624478
0.533,1473.77586574528
0.534,1473.77572343875
0.535,1473.77557934084
0.536,1473.77543346712
0.537,1473.77528583298
0.538,1473.77513645376
0.539,1473.7749853446
0.54,1473.77483252058
0.541,1473.77467799663
0.542,1473.7745217876
0.543,1473.77436390817
0.544,1473.77420437293
0.545,1473.77404319637
0.546,1473.77388039284
0.547,1473.77371597659
0.548,1473.77354996174
0.549,1473.77338236233
0.55,1473.77321319227
0.551,1473.77304246535
0.552,1473.77287019527
0.553,1473.77269639561
0.554,1473.77252107986
0.555,1473.77234426137
0.556,1473.77216595341
0.557,1473.77198616915
0.558,1473.77180492163
0.559,1473.7716222238
0.56,1473.77143808852
0.561,1473.77125252853
0.562,1473.77106555649
0.563,1473.77087718493
0.564,1473.7706874263
0.565,1473.77049629295
0.566,1473.77030379713
0.567,1473.770109951
0.568,1473.7699147666
0.569,1473.76971825591
0.57,1473.76952043079
0.571,1473.76932130301
0.572,1473.76912088424
0.573,1473.76891918609
0.574,1473.76871622003
0.575,1473.76851199749
0.576,1473.76830652977
0.577,1473.76809982809
0.578,1473.76789190358
0.579,1473.7676827673
0.58,1473.7674724302
0.581,1473.76726090317
0.582,1473.76704819697
0.583,1473.76683432232
0.584,1473.76661928982
0.585,1473.76640311001
0.586,1473.76618579333
0.587,1473.76596735016
0.588,1473.76574779077
0.589,1473.76552712536
0.59,1473.76530536405
0.591,1473.7650825169
0.592,1473.76485859384
0.593,1473.76463360477
0.594,1473.76440755949
0.595,1473.7641804677
0.596,1473.76395233909
0.597,1473.7637231832
0.598,1473.76349300954
0.599,1473.76326182751
0.6,1473.76302964649
0.601,1473.76279647571
0.602,1473.7625623244
0.603,1473.76232720166
0.604,1473.76209111656
0.605,1473.76185407805
0.606,1473.76161609507
0.607,1473.76137717644
0.608,1473.76113733094
0.609,1473.76089656725
0.61,1473.76065489402
0.611,1473.76041231978
0.612,1473.76016885305
0.613,1473.75992450224
0.614,1473.75967927571
0.615,1473.75943318175
0.616,1473.75918622858
0.617,1473.75893842437
0.618,1473.7586897772
0.619,1473.75844029512
0.62,1473.75818998608
0.621,1473.75793885798
0.622,1473.75768691867
0.623,1473.75743417594
0.624,1473.75718063748
0.625,1473.75692631095
0.626,1473.75667120395
0.627,1473.75641532401
0.628,1473.75615867861
0.629,1473.75590127516
0.63,1473.755643121
0.631,1473.75538422345
0.632,1473.75512458973
0.633,1473.75486422702
0.634,1473.75460314246
0.635,1473.7543413431
0.636,1473.75407883595
0.637,1473.75381562798
0.638,1473.75355172606
0.639,1473.75328713706
0.64,1473.75302186777
0.641,1473.7527559249
0.642,1473.75248931515
0.643,1473.75222204515
0.644,1473.75195412147
0.645,1473.75168555063
0.646,1473.7514163391
0.647,1473.75114649331
0.648,1473.75087601962
0.649,1473.75060492434
0.65,1473.75033321375
0.651,1473.75006089407
0.652,1473.74978797145
0.653,1473.74951445202
0.654,1473.74924034184
0.655,1473.74896564695
0.656,1473.7486903733
0.657,1473.74841452683
0.658,1473.74813811341
0.659,1473.74786113887
0.66,1473.747583609
0.661,1473.74730552953
0.662,1473.74702690616
0.663,1473.74674774454
0.664,1473.74646805026
0.665,1473.74618782889
0.666,1473.74590708593
0.667,1473.74562582686
0.668,1473.74534405709
0.669,1473.74506178201
0.67,1473.74477900696
0.671,1473.74449573723
0.672,1473.74421197808
0.673,1473.74392773472
0.674,1473.74364301231
0.675,1473.74335781598
0.676,1473.74307215084
0.677,1473.74278602191
0.678,1473.74249943421
0.679,1473.74221239269
0.68,1473.74192490229
0.681,1473.74163696789
0.682,1473.74134859435
0.683000000000001,1473.74105978646
0.684000000000001,1473.74077054901
0.685000000000001,1473.74048088672
0.686000000000001,1473.74019080428
0.687000000000001,1473.73990030635
0.688000000000001,1473.73960939756
0.689000000000001,1473.73931808248
0.690000000000001,1473.73902636566
0.691000000000001,1473.73873425161
0.692000000000001,1473.7384417448
0.693000000000001,1473.73814884967
0.694000000000001,1473.73785557062
0.695000000000001,1473.73756191201
0.696000000000001,1473.73726787818
0.697000000000001,1473.73697347342
0.698000000000001,1473.73667870199
0.699000000000001,1473.73638356813
0.700000000000001,1473.73608807601
0.701000000000001,1473.73579222982
0.702000000000001,1473.73549603367
0.703000000000001,1473.73519949165
0.704000000000001,1473.73490260783
0.705000000000001,1473.73460538623
0.706000000000001,1473.73430783085
0.707000000000001,1473.73400994565
0.708000000000001,1473.73371173456
0.709000000000001,1473.73341320148
0.710000000000001,1473.73311435029
0.711000000000001,1473.73281518482
0.712000000000001,1473.73251570887
0.713000000000001,1473.73221592623
0.714000000000001,1473.73191584063
0.715000000000001,1473.73161545579
0.716000000000001,1473.7313147754
0.717000000000001,1473.73101380311
0.718000000000001,1473.73071254255
0.719000000000001,1473.73041099732
0.720000000000001,1473.73010917098
0.721000000000001,1473.72980706708
0.722000000000001,1473.72950468912
0.723000000000001,1473.72920204059
0.724000000000001,1473.72889912494
0.725000000000001,1473.72859594559
0.726000000000001,1473.72829250596
0.727000000000001,1473.7279888094
0.728000000000001,1473.72768485927
0.729000000000001,1473.72738065887
0.730000000000001,1473.72707621151
0.731000000000001,1473.72677152044
0.732000000000001,1473.7264665889
0.733000000000001,1473.72616142011
0.734000000000001,1473.72585601724
0.735000000000001,1473.72555038347
0.736000000000001,1473.72524452191
0.737000000000001,1473.72493843569
0.738000000000001,1473.72463212789
0.739000000000001,1473.72432560155
0.740000000000001,1473.72401885973
0.741000000000001,1473.72371190543
0.742000000000001,1473.72340474163
0.743000000000001,1473.7230973713
0.744000000000001,1473.72278979736
0.745000000000001,1473.72248202274
0.746000000000001,1473.72217405032
0.747000000000001,1473.72186588298
0.748000000000001,1473.72155752355
0.749000000000001,1473.72124897485
0.750000000000001,1473.72094023968
0.751000000000001,1473.72063132082
0.752000000000001,1473.72032222101
0.753000000000001,1473.72001294299
0.754000000000001,1473.71970348947
0.755000000000001,1473.71939386312
0.756000000000001,1473.71908406662
0.757000000000001,1473.7187741026
0.758000000000001,1473.71846397369
0.759000000000001,1473.71815368249
0.760000000000001,1473.71784323157
0.761000000000001,1473.71753262349
0.762000000000001,1473.71722186078
0.763000000000001,1473.71691094597
0.764000000000001,1473.71659988155
0.765000000000001,1473.71628866998
0.766000000000001,1473.71597731374
0.767000000000001,1473.71566581526
0.768000000000001,1473.71535417694
0.769000000000001,1473.71504240118
0.770000000000001,1473.71473049037
0.771000000000001,1473.71441844684
0.772000000000001,1473.71410627295
0.773000000000001,1473.71379397102
0.774000000000001,1473.71348154333
0.775000000000001,1473.71316899217
0.776000000000001,1473.71285631981
0.777000000000001,1473.71254352849
0.778000000000001,1473.71223062043
0.779000000000001,1473.71191759784
0.780000000000001,1473.7116044629
0.781000000000001,1473.7112912178
0.782000000000001,1473.71097786468
0.783000000000001,1473.71066440567
0.784000000000001,1473.71035084291
0.785000000000001,1473.71003717848
0.786000000000001,1473.70972341447
0.787000000000001,1473.70940955295
0.788000000000001,1473.70909559597
0.789000000000001,1473.70878154556
0.790000000000001,1473.70846740373
0.791000000000001,1473.7081531725
0.792000000000001,1473.70783885384
0.793000000000001,1473.7075244497
0.794000000000001,1473.70720996207
0.795000000000001,1473.70689539285
0.796000000000001,1473.70658074398
0.797000000000001,1473.70626601735
0.798000000000001,1473.70595121486
0.799000000000001,1473.70563633837
0.800000000000001,1473.70532138975
0.801000000000001,1473.70500637083
0.802000000000001,1473.70469128344
0.803000000000001,1473.70437612938
0.804000000000001,1473.70406091047
0.805000000000001,1473.70374562848
0.806000000000001,1473.70343028518
0.807000000000001,1473.70311488231
0.808000000000001,1473.70279942163
0.809000000000001,1473.70248390484
0.810000000000001,1473.70216833366
0.811000000000001,1473.70185270979
0.812000000000001,1473.7015370349
0.813000000000001,1473.70122131067
0.814000000000001,1473.70090553875
0.815000000000001,1473.70058972077
0.816000000000001,1473.70027385836
0.817000000000001,1473.69995795315
0.818000000000001,1473.69964200672
0.819000000000001,1473.69932602066
0.820000000000001,1473.69900999655
0.821000000000001,1473.69869393594
0.822000000000001,1473.69837784039
0.823000000000001,1473.69806171143
0.824000000000001,1473.69774555058
0.825000000000001,1473.69742935934
0.826000000000001,1473.69711313922
0.827000000000001,1473.6967968917
0.828000000000001,1473.69648061825
0.829000000000001,1473.69616432033
0.830000000000001,1473.69584799938
0.831000000000001,1473.69553165686
0.832000000000001,1473.69521529417
0.833000000000001,1473.69489891272
0.834000000000001,1473.69458251392
0.835000000000001,1473.69426609916
0.836000000000001,1473.69394966982
0.837000000000001,1473.69363322725
0.838000000000001,1473.69331677281
0.839000000000001,1473.69300030785
0.840000000000001,1473.69268383369
0.841000000000001,1473.69236735165
0.842000000000001,1473.69205086306
0.843000000000001,1473.69173436919
0.844000000000001,1473.69141787134
0.845000000000001,1473.69110137079
0.846000000000001,1473.6907848688
0.847000000000001,1473.69046836662
0.848000000000001,1473.69015186551
0.849000000000001,1473.68983536669
0.850000000000001,1473.6895188714
0.851000000000001,1473.68920238083
0.852000000000001,1473.6888858962
0.853000000000001,1473.6885694187
0.854000000000001,1473.68825294951
0.855000000000001,1473.68793648981
0.856000000000001,1473.68762004076
0.857000000000001,1473.68730360351
0.858000000000001,1473.6869871792
0.859000000000001,1473.68667076898
0.860000000000001,1473.68635437396
0.861000000000001,1473.68603799527
0.862000000000001,1473.68572163399
0.863000000000001,1473.68540529124
0.864000000000001,1473.68508896811
0.865000000000001,1473.68477266565
0.866000000000001,1473.68445638496
0.867000000000001,1473.68414012709
0.868000000000001,1473.68382389307
0.869000000000001,1473.68350768397
0.870000000000001,1473.6831915008
0.871000000000001,1473.68287534461
0.872000000000001,1473.68255921639
0.873000000000001,1473.68224311717
0.874000000000001,1473.68192704793
0.875000000000001,1473.68161100966
0.876000000000001,1473.68129500336
0.877000000000001,1473.68097902998
0.878000000000001,1473.68066309051
0.879000000000001,1473.68034718588
0.880000000000001,1473.68003131705
0.881000000000001,1473.67971548497
0.882000000000001,1473.67939969056
0.883000000000001,1473.67908393474
0.884000000000001,1473.67876821843
0.885000000000001,1473.67845254256
0.886000000000001,1473.678136908
0.887000000000001,1473.67782131567
0.888000000000001,1473.67750576643
0.889000000000001,1473.67719026117
0.890000000000001,1473.67687480075
0.891000000000001,1473.67655938606
0.892000000000001,1473.67624401792
0.893000000000001,1473.67592869721
0.894000000000001,1473.67561342474
0.895000000000001,1473.67529820137
0.896000000000001,1473.67498302791
0.897000000000001,1473.67466790519
0.898000000000001,1473.67435283402
0.899000000000001,1473.67403781519
0.900000000000001,1473.67372284951
0.901000000000001,1473.67340793778
0.902000000000001,1473.67309308076
0.903000000000001,1473.67277827926
0.904000000000001,1473.67246353402
0.905000000000001,1473.67214884581
0.906000000000001,1473.67183421541
0.907000000000001,1473.67151964355
0.908000000000001,1473.67120513097
0.909000000000001,1473.67089067842
0.910000000000001,1473.67057628664
0.911000000000001,1473.67026195632
0.912000000000001,1473.66994768822
0.913000000000001,1473.66963348303
0.914000000000001,1473.66931934145
0.915000000000001,1473.6690052642
0.916000000000001,1473.66869125196
0.917000000000001,1473.66837730542
0.918000000000001,1473.66806342526
0.919000000000001,1473.66774961216
0.920000000000001,1473.66743586679
0.921000000000001,1473.6671221898
0.922000000000001,1473.66680858188
0.923000000000001,1473.66649504365
0.924000000000001,1473.66618157577
0.925000000000001,1473.66586817887
0.926000000000001,1473.6655548536
0.927000000000001,1473.66524160059
0.928000000000001,1473.66492842044
0.929000000000001,1473.6646153138
0.930000000000001,1473.66430228126
0.931000000000001,1473.66398932344
0.932000000000001,1473.66367644094
0.933000000000001,1473.66336363435
0.934000000000001,1473.66305090426
0.935000000000001,1473.66273825127
0.936000000000001,1473.66242567594
0.937000000000001,1473.66211317887
0.938000000000001,1473.66180076061
0.939000000000001,1473.66148842174
0.940000000000001,1473.66117616281
0.941000000000001,1473.66086398437
0.942000000000001,1473.66055188699
0.943000000000001,1473.6602398712
0.944000000000001,1473.65992793755
0.945000000000001,1473.65961608656
0.946000000000001,1473.65930431878
0.947000000000001,1473.65899263472
0.948000000000001,1473.65868103491
0.949000000000001,1473.65836951987
0.950000000000001,1473.6580580901
0.951000000000001,1473.65774674611
0.952000000000001,1473.65743548841
0.953000000000001,1473.6571243175
0.954000000000001,1473.65681323385
0.955000000000001,1473.65650223798
0.956000000000001,1473.65619133036
0.957000000000001,1473.65588051146
0.958000000000001,1473.65556978178
0.959000000000001,1473.65525914176
0.960000000000001,1473.6549485919
0.961000000000001,1473.65463813263
0.962000000000001,1473.65432776444
0.963000000000001,1473.65401748776
0.964000000000001,1473.65370730305
0.965000000000001,1473.65339721077
0.966000000000001,1473.65308721133
0.967000000000001,1473.65277730519
0.968000000000001,1473.65246749278
0.969000000000001,1473.65215777452
0.970000000000001,1473.65184815085
0.971000000000001,1473.65153862219
0.972000000000001,1473.65122918894
0.973000000000001,1473.65091985153
0.974000000000001,1473.65061061037
0.975000000000001,1473.65030146586
0.976000000000001,1473.6499924184
0.977000000000001,1473.6496834684
0.978000000000001,1473.64937461625
0.979000000000001,1473.64906586233
0.980000000000001,1473.64875720704
0.981000000000001,1473.64844865076
0.982000000000001,1473.64814019387
0.983000000000001,1473.64783183675
0.984000000000001,1473.64752357977
0.985000000000001,1473.6472154233
0.986000000000001,1473.64690736769
0.987000000000001,1473.64659941334
0.988000000000001,1473.64629156057
0.989000000000001,1473.64598380975
0.990000000000001,1473.64567616125
0.991000000000001,1473.64536861539
0.992000000000001,1473.64506117253
0.993000000000001,1473.64475383301
0.994000000000001,1473.64444659717
0.995000000000001,1473.64413946534
0.996000000000001,1473.64383243786
0.997000000000001,1473.64352551506
0.998000000000001,1473.64321869726
0.999000000000001,1473.64291198478
1,1473.64260537794
1.001,1473.64229887707
1.002,1473.64199248247
1.003,1473.64168619445
1.004,1473.64138001332
1.005,1473.6410739394
1.006,1473.64076797296
1.007,1473.64046211432
1.008,1473.64015636378
1.009,1473.63985072161
1.01,1473.63954518812
1.011,1473.63923976359
1.012,1473.63893444829
1.013,1473.63862924252
1.014,1473.63832414655
1.015,1473.63801916067
1.016,1473.63771428513
1.017,1473.63740952021
1.018,1473.63710486617
1.019,1473.63680032329
1.02,1473.63649589183
1.021,1473.63619157203
1.022,1473.63588736416
1.023,1473.63558326847
1.024,1473.63527928523
1.025,1473.63497541466
1.026,1473.63467165702
1.027,1473.63436801255
1.028,1473.63406448149
1.029,1473.63376106409
1.03,1473.63345776058
1.031,1473.63315457119
1.032,1473.63285149615
1.033,1473.6325485357
1.034,1473.63224569005
1.035,1473.63194295943
1.036,1473.63164034407
1.037,1473.63133784419
1.038,1473.63103546
1.039,1473.63073319171
1.04,1473.63043103954
1.041,1473.6301290037
1.042,1473.6298270844
1.043,1473.62952528184
1.044,1473.62922359623
1.045,1473.62892202776
1.046,1473.62862057664
1.047,1473.62831924307
1.048,1473.62801802723
1.049,1473.62771692934
1.05,1473.62741594956
1.051,1473.62711508809
1.05199999999999,1473.62681434513
1.05299999999999,1473.62651372084
1.05399999999999,1473.62621321542
1.05499999999999,1473.62591282905
1.05599999999999,1473.6256125619
1.05699999999999,1473.62531241415
1.05799999999999,1473.62501238598
1.05899999999999,1473.62471247756
1.05999999999999,1473.62441268905
1.06099999999999,1473.62411302063
1.06199999999999,1473.62381347247
1.06299999999999,1473.62351404473
1.06399999999999,1473.62321473756
1.06499999999999,1473.62291555114
1.06599999999999,1473.62261648563
1.06699999999999,1473.62231754118
1.06799999999999,1473.62201871794
1.06899999999999,1473.62172001608
1.06999999999999,1473.62142143573
1.07099999999999,1473.62112297706
1.07199999999999,1473.6208246402
1.07299999999999,1473.62052642532
1.07399999999999,1473.62022833254
1.07499999999999,1473.61993036203
1.07599999999999,1473.61963251391
1.07699999999999,1473.61933478834
1.07799999999999,1473.61903718544
1.07899999999999,1473.61873970535
1.07999999999999,1473.61844234821
1.08099999999999,1473.61814511415
1.08199999999999,1473.6178480033
1.08299999999999,1473.6175510158
1.08399999999999,1473.61725415176
1.08499999999999,1473.61695741134
1.08599999999999,1473.61666079463
1.08699999999999,1473.61636430176
1.08799999999999,1473.61606793287
1.08899999999999,1473.61577168807
1.08999999999999,1473.61547556749
1.09099999999999,1473.61517957123
1.09199999999999,1473.61488369941
1.09299999999999,1473.61458795215
1.09399999999999,1473.61429232957
1.09499999999999,1473.61399683176
1.09599999999999,1473.61370145885
1.09699999999999,1473.61340621095
1.09799999999999,1473.61311108816
1.09899999999999,1473.61281609058
1.09999999999999,1473.61252121832
1.10099999999999,1473.6122264715
1.10199999999999,1473.61193185019
1.10299999999999,1473.61163735451
1.10399999999999,1473.61134298457
1.10499999999999,1473.61104874044
1.10599999999999,1473.61075462223
1.10699999999999,1473.61046063004
1.10799999999999,1473.61016676396
1.10899999999999,1473.60987302408
1.10999999999999,1473.60957941049
1.11099999999999,1473.60928592329
1.11199999999999,1473.60899256256
1.11299999999999,1473.60869932839
1.11399999999999,1473.60840622087
1.11499999999999,1473.60811324007
1.11599999999999,1473.60782038609
1.11699999999999,1473.60752765901
1.11799999999999,1473.6072350589
1.11899999999999,1473.60694258586
1.11999999999999,1473.60665023995
1.12099999999999,1473.60635802126
1.12199999999999,1473.60606592985
1.12299999999999,1473.60577396581
1.12399999999999,1473.60548212922
1.12499999999999,1473.60519042014
1.12599999999999,1473.60489883864
1.12699999999999,1473.6046073848
1.12799999999999,1473.60431605869
1.12899999999999,1473.60402486037
1.12999999999999,1473.60373378992
1.13099999999999,1473.60344284739
1.13199999999999,1473.60315203286
1.13299999999999,1473.60286134638
1.13399999999999,1473.60257078804
1.13499999999999,1473.60228035787
1.13599999999999,1473.60199005595
1.13699999999999,1473.60169988233
1.13799999999999,1473.60140983707
1.13899999999999,1473.60111992024
1.13999999999999,1473.60083013189
1.14099999999999,1473.60054047207
1.14199999999999,1473.60025094085
1.14299999999998,1473.59996153826
1.14399999999998,1473.59967226438
1.14499999999998,1473.59938311924
1.14599999999998,1473.5990941029
1.14699999999998,1473.59880521542
1.14799999999998,1473.59851645683
1.14899999999998,1473.59822782719
1.14999999999998,1473.59793932654
1.15099999999998,1473.59765095494
1.15199999999998,1473.59736271243
1.15299999999998,1473.59707459904
1.15399999999998,1473.59678661483
1.15499999999998,1473.59649875984
1.15599999999998,1473.59621103411
1.15699999999998,1473.59592343768
1.15799999999998,1473.59563597059
1.15899999999998,1473.59534863288
1.15999999999998,1473.59506142459
1.16099999999998,1473.59477434576
1.16199999999998,1473.59448739642
1.16299999999998,1473.59420057661
1.16399999999998,1473.59391388636
1.16499999999998,1473.59362732571
1.16599999999998,1473.59334089469
1.16699999999998,1473.59305459334
1.16799999999998,1473.59276842168
1.16899999999998,1473.59248237976
1.16999999999998,1473.59219646758
1.17099999999998,1473.5919106852
1.17199999999998,1473.59162503262
1.17299999999998,1473.5913395099
1.17399999999998,1473.59105411704
1.17499999999998,1473.59076885407
1.17599999999998,1473.59048372104
1.17699999999998,1473.59019871794
1.17799999999998,1473.58991384483
1.17899999999998,1473.5896291017
1.17999999999998,1473.58934448859
1.18099999999998,1473.58906000552
1.18199999999998,1473.58877565251
1.18299999999998,1473.58849142958
1.18399999999998,1473.58820733676
1.18499999999998,1473.58792337405
1.18599999999998,1473.58763954148
1.18699999999998,1473.58735583907
1.18799999999998,1473.58707226684
1.18899999999998,1473.58678882478
1.18999999999998,1473.58650551294
1.19099999999998,1473.58622233132
1.19199999999998,1473.58593927993
1.19299999999998,1473.58565635878
1.19399999999998,1473.58537356791
1.19499999999998,1473.58509090731
1.19599999999998,1473.58480837699
1.19699999999998,1473.58452597696
1.19799999999998,1473.58424370726
1.19899999999998,1473.58396156786
1.19999999999998,1473.58367955879
1.20099999999998,1473.58339768006
1.20199999999998,1473.58311593166
1.20299999999998,1473.58283431362
1.20399999999998,1473.58255282595
1.20499999999998,1473.58227146863
1.20599999999998,1473.58199024169
1.20699999999998,1473.58170914512
1.20799999999998,1473.58142817893
1.20899999999998,1473.58114734312
1.20999999999998,1473.5808666377
1.21099999999998,1473.58058606267
1.21199999999998,1473.58030561804
1.21299999999998,1473.5800253038
1.21399999999998,1473.57974511995
1.21499999999998,1473.57946506652
1.21599999999998,1473.57918514346
1.21699999999998,1473.57890535081
1.21799999999998,1473.57862568855
1.21899999999998,1473.57834615669
1.21999999999998,1473.57806675522
1.22099999999998,1473.57778748413
1.22199999999998,1473.57750834344
1.22299999999998,1473.57722933312
1.22399999999998,1473.5769504532
1.22499999999998,1473.57667170363
1.22599999999998,1473.57639308444
1.22699999999998,1473.57611459562
1.22799999999998,1473.57583623715
1.22899999999998,1473.57555800904
1.22999999999998,1473.57527991127
1.23099999999998,1473.57500194384
1.23199999999998,1473.57472410675
1.23299999999998,1473.57444639996
1.23399999999997,1473.5741688235
1.23499999999997,1473.57389137733
1.23599999999997,1473.57361406147
1.23699999999997,1473.57333687588
1.23799999999997,1473.57305982057
1.23899999999997,1473.57278289552
1.23999999999997,1473.57250610072
1.24099999999997,1473.57222943616
1.24199999999997,1473.57195290183
1.24299999999997,1473.57167649771
1.24399999999997,1473.5714002238
1.24499999999997,1473.57112408006
1.24599999999997,1473.5708480665
1.24699999999997,1473.5705721831
1.24799999999997,1473.57029642984
1.24899999999997,1473.57002080672
1.24999999999997,1473.56974531371
1.25099999999997,1473.56946995079
1.25199999999997,1473.56919471795
1.25299999999997,1473.56891961518
1.25399999999997,1473.56864464246
1.25499999999997,1473.56836979976
1.25599999999997,1473.56809508707
1.25699999999997,1473.56782050438
1.25799999999997,1473.56754605166
1.25899999999997,1473.56727172889
1.25999999999997,1473.56699753606
1.26099999999997,1473.56672347315
1.26199999999997,1473.56644954013
1.26299999999997,1473.56617573699
1.26399999999997,1473.5659020637
1.26499999999997,1473.56562852024
1.26599999999997,1473.5653551066
1.26699999999997,1473.56508182274
1.26799999999997,1473.56480866865
1.26899999999997,1473.5645356443
1.26999999999997,1473.56426274968
1.27099999999997,1473.56398998476
1.27199999999997,1473.5637173495
1.27299999999997,1473.5634448439
1.27399999999997,1473.56317246792
1.27499999999997,1473.56290022155
1.27599999999997,1473.56262810475
1.27699999999997,1473.5623561175
1.27799999999997,1473.56208425978
1.27899999999997,1473.56181253155
1.27999999999997,1473.56154093281
1.28099999999997,1473.56126946351
1.28199999999997,1473.56099812363
1.28299999999997,1473.56072691313
1.28399999999997,1473.56045583201
1.28499999999997,1473.56018488023
1.28599999999997,1473.55991405775
1.28699999999997,1473.55964336455
1.28799999999997,1473.55937280062
1.28899999999997,1473.5591023659
1.28999999999997,1473.55883206038
1.29099999999997,1473.55856188403
1.29199999999997,1473.5582918368
1.29299999999997,1473.55802191869
1.29399999999997,1473.55775212966
1.29499999999997,1473.55748246966
1.29599999999997,1473.55721293868
1.29699999999997,1473.55694353669
1.29799999999997,1473.55667426365
1.29899999999997,1473.55640511953
1.29999999999997,1473.55613610429
1.30099999999997,1473.55586721792
1.30199999999997,1473.55559846037
1.30299999999997,1473.55532983161
1.30399999999997,1473.55506133161
1.30499999999997,1473.55479296033
1.30599999999997,1473.55452471774
1.30699999999997,1473.55425660382
1.30799999999997,1473.55398861852
1.30899999999997,1473.55372076181
1.30999999999997,1473.55345303366
1.31099999999997,1473.55318543402
1.31199999999997,1473.55291796288
1.31299999999997,1473.55265062019
1.31399999999997,1473.55238340592
1.31499999999997,1473.55211632003
1.31599999999997,1473.55184936248
1.31699999999997,1473.55158253325
1.31799999999997,1473.55131583229
1.31899999999997,1473.55104925956
1.31999999999997,1473.55078281504
1.32099999999997,1473.55051649868
1.32199999999997,1473.55025031045
1.32299999999997,1473.54998425031
1.32399999999997,1473.54971831822
1.32499999999996,1473.54945251415
1.32599999999996,1473.54918683805
1.32699999999996,1473.5489212899
1.32799999999996,1473.54865586964
1.32899999999996,1473.54839057725
1.32999999999996,1473.54812541268
1.33099999999996,1473.54786037591
1.33199999999996,1473.54759546686
1.33299999999996,1473.54733068554
1.33399999999996,1473.54706603188
1.33499999999996,1473.54680150585
1.33599999999996,1473.5465371074
1.33699999999996,1473.54627283651
1.33799999999996,1473.54600869312
1.33899999999996,1473.54574467721
1.33999999999996,1473.54548078871
1.34099999999996,1473.54521702761
1.34199999999996,1473.54495339385
1.34299999999996,1473.54468988741
1.34399999999996,1473.54442650822
1.34499999999996,1473.54416325625
1.34599999999996,1473.54390013147
1.34699999999996,1473.54363713383
1.34799999999996,1473.54337426328
1.34899999999996,1473.5431115198
1.34999999999996,1473.54284890332
1.35099999999996,1473.54258641382
1.35199999999996,1473.54232405125
1.35299999999996,1473.54206181556
1.35399999999996,1473.54179970671
1.35499999999996,1473.54153772467
1.35599999999996,1473.54127586939
1.35699999999996,1473.54101414081
1.35799999999996,1473.54075253892
1.35899999999996,1473.54049106365
1.35999999999996,1473.54022971495
1.36099999999996,1473.53996849281
1.36199999999996,1473.53970739715
1.36299999999996,1473.53944642795
1.36399999999996,1473.53918558515
1.36499999999996,1473.53892486872
1.36599999999996,1473.5386642786
1.36699999999996,1473.53840381477
1.36799999999996,1473.53814347716
1.36899999999996,1473.53788326573
1.36999999999996,1473.53762318044
1.37099999999996,1473.53736322125
1.37199999999996,1473.5371033881
1.37299999999996,1473.53684368096
1.37399999999996,1473.53658409977
1.37499999999996,1473.53632464449
1.37599999999996,1473.53606531509
1.37699999999996,1473.53580611149
1.37799999999996,1473.53554703368
1.37899999999996,1473.53528808158
1.37999999999996,1473.53502925517
1.38099999999996,1473.53477055441
1.38199999999996,1473.53451197922
1.38299999999996,1473.53425352957
1.38399999999996,1473.53399520542
1.38499999999996,1473.53373700671
1.38599999999996,1473.53347893341
1.38699999999996,1473.53322098546
1.38799999999996,1473.53296316281
1.38899999999996,1473.53270546542
1.38999999999996,1473.53244789325
1.39099999999996,1473.53219044623
1.39199999999996,1473.53193312433
1.39299999999996,1473.5316759275
1.39399999999996,1473.53141885568
1.39499999999996,1473.53116190885
1.39599999999996,1473.53090508693
1.39699999999996,1473.53064838989
1.39799999999996,1473.53039181768
1.39899999999996,1473.53013537024
1.39999999999996,1473.52987904753
1.40099999999996,1473.52962284951
1.40199999999996,1473.52936677612
1.40299999999996,1473.52911082731
1.40399999999996,1473.52885500303
1.40499999999996,1473.52859930325
1.40599999999996,1473.52834372789
1.40699999999996,1473.52808827693
1.40799999999996,1473.52783295031
1.40899999999996,1473.52757774797
1.40999999999996,1473.52732266987
1.41099999999996,1473.52706771596
1.41199999999996,1473.52681288619
1.41299999999996,1473.52655818052
1.41399999999996,1473.52630359888
1.41499999999996,1473.52604914123
1.41599999999995,1473.52579480753
1.41699999999995,1473.52554059772
1.41799999999995,1473.52528651174
1.41899999999995,1473.52503254956
1.41999999999995,1473.52477871111
1.42099999999995,1473.52452499636
1.42199999999995,1473.52427140524
1.42299999999995,1473.52401793771
1.42399999999995,1473.52376459373
1.42499999999995,1473.52351137322
1.42599999999995,1473.52325827616
1.42699999999995,1473.52300530248
1.42799999999995,1473.52275245214
1.42899999999995,1473.52249972508
1.42999999999995,1473.52224712126
1.43099999999995,1473.52199464061
1.43199999999995,1473.5217422831
1.43299999999995,1473.52149004866
1.43399999999995,1473.52123793726
1.43499999999995,1473.52098594883
1.43599999999995,1473.52073408333
1.43699999999995,1473.5204823407
1.43799999999995,1473.52023072089
1.43899999999995,1473.51997922385
1.43999999999995,1473.51972784953
1.44099999999995,1473.51947659788
1.44199999999995,1473.51922546884
1.44299999999995,1473.51897446237
1.44399999999995,1473.51872357841
1.44499999999995,1473.51847281691
1.44599999999995,1473.51822217782
1.44699999999995,1473.51797166108
1.44799999999995,1473.51772126664
1.44899999999995,1473.51747099445
1.44999999999995,1473.51722084447
1.45099999999995,1473.51697081663
1.45199999999995,1473.51672091088
1.45299999999995,1473.51647112718
1.45399999999995,1473.51622146547
1.45499999999995,1473.51597192569
1.45599999999995,1473.51572250779
1.45699999999995,1473.51547321173
1.45799999999995,1473.51522403745
1.45899999999995,1473.51497498489
1.45999999999995,1473.514726054
1.46099999999995,1473.51447724473
1.46199999999995,1473.51422855703
1.46299999999995,1473.51397999085
1.46399999999995,1473.51373154613
1.46499999999995,1473.51348322282
1.46599999999995,1473.51323502086
1.46699999999995,1473.5129869402
1.46799999999995,1473.5127389808
1.46899999999995,1473.51249114258
1.46999999999995,1473.51224342551
1.47099999999995,1473.51199582953
1.47199999999995,1473.51174835458
1.47299999999995,1473.51150100062
1.47399999999995,1473.51125376759
1.47499999999995,1473.51100665543
1.47599999999995,1473.51075966409
1.47699999999995,1473.51051279353
1.47799999999995,1473.51026604368
1.47899999999995,1473.51001941449
1.47999999999995,1473.5097729059
1.48099999999995,1473.50952651788
1.48199999999995,1473.50928025035
1.48299999999995,1473.50903410327
1.48399999999995,1473.50878807658
1.48499999999995,1473.50854217024
1.48599999999995,1473.50829638417
1.48699999999995,1473.50805071834
1.48799999999995,1473.50780517269
1.48899999999995,1473.50755974716
1.48999999999995,1473.5073144417
1.49099999999995,1473.50706925625
1.49199999999995,1473.50682419077
1.49299999999995,1473.5065792452
1.49399999999995,1473.50633441947
1.49499999999995,1473.50608971355
1.49599999999995,1473.50584512737
1.49699999999995,1473.50560066089
1.49799999999995,1473.50535631403
1.49899999999995,1473.50511208677
1.49999999999995,1473.50486797902
1.50099999999995,1473.50462399076
1.50199999999995,1473.50438012192
1.50299999999995,1473.50413637243
1.50399999999995,1473.50389274227
1.50499999999995,1473.50364923135
1.50599999999994,1473.50340583965
1.50699999999994,1473.50316256708
1.50799999999994,1473.50291941361
1.50899999999994,1473.50267637918
1.50999999999994,1473.50243346374
1.51099999999994,1473.50219066722
1.51199999999994,1473.50194798958
1.51299999999994,1473.50170543076
1.51399999999994,1473.5014629907
1.51499999999994,1473.50122066936
1.51599999999994,1473.50097846668
1.51699999999994,1473.50073638259
1.51799999999994,1473.50049441706
1.51899999999994,1473.50025257002
1.51999999999994,1473.50001084141
1.52099999999994,1473.49976923119
1.52199999999994,1473.49952773929
1.52299999999994,1473.49928636567
1.52399999999994,1473.49904511028
1.52499999999994,1473.49880397304
1.52599999999994,1473.49856295392
1.52699999999994,1473.49832205284
1.52799999999994,1473.49808126977
1.52899999999994,1473.49784060465
1.52999999999994,1473.49760005741
1.53099999999994,1473.49735962801
1.53199999999994,1473.49711931639
1.53299999999994,1473.4968791225
1.53399999999994,1473.49663904628
1.53499999999994,1473.49639908768
1.53599999999994,1473.49615924663
1.53699999999994,1473.49591952308
1.53799999999994,1473.49567991699
1.53899999999994,1473.4954404283
1.53999999999994,1473.49520105695
1.54099999999994,1473.49496180288
1.54199999999994,1473.49472266605
1.54299999999994,1473.49448364638
1.54399999999994,1473.49424474385
1.54499999999994,1473.49400595837
1.54599999999994,1473.49376728991
1.54699999999994,1473.49352873841
1.54799999999994,1473.4932903038
1.54899999999994,1473.49305198604
1.54999999999994,1473.49281378507
1.55099999999994,1473.49257570084
1.55199999999994,1473.49233773328
1.55299999999994,1473.49209988235
1.55399999999994,1473.491862148
1.55499999999994,1473.49162453016
1.55599999999994,1473.49138702877
1.55699999999994,1473.4911496438
1.55799999999994,1473.49091237517
1.55899999999994,1473.49067522284
1.55999999999994,1473.49043818674
1.56099999999994,1473.49020126683
1.56199999999994,1473.48996446305
1.56299999999994,1473.48972777535
1.56399999999994,1473.48949120366
1.56499999999994,1473.48925474794
1.56599999999994,1473.48901840812
1.56699999999994,1473.48878218416
1.56799999999994,1473.488546076
1.56899999999994,1473.48831008358
1.56999999999994,1473.48807420685
1.57099999999994,1473.48783844575
1.57199999999994,1473.48760280023
1.57299999999994,1473.48736727023
1.57399999999994,1473.4871318557
1.57499999999994,1473.48689655659
1.57599999999994,1473.48666137282
1.57699999999994,1473.48642630436
1.57799999999994,1473.48619135115
1.57899999999994,1473.48595651313
1.57999999999994,1473.48572179024
1.58099999999994,1473.48548718244
1.58199999999994,1473.48525268966
1.58299999999994,1473.48501831185
1.58399999999994,1473.48478404896
1.58499999999994,1473.48454990093
1.58599999999994,1473.4843158677
1.58699999999994,1473.48408194923
1.58799999999994,1473.48384814544
1.58899999999994,1473.4836144563
1.58999999999994,1473.48338088174
1.59099999999994,1473.48314742172
1.59199999999994,1473.48291407617
1.59299999999994,1473.48268084503
1.59399999999994,1473.48244772826
1.59499999999994,1473.48221472581
1.59599999999994,1473.4819818376
1.59699999999993,1473.48174906359
1.59799999999993,1473.48151640372
1.59899999999993,1473.48128385795
1.59999999999993,1473.4810514262
1.60099999999993,1473.48081910844
1.60199999999993,1473.4805869046
1.60299999999993,1473.48035481462
1.60399999999993,1473.48012283846
1.60499999999993,1473.47989097606
1.60599999999993,1473.47965922736
1.60699999999993,1473.47942759231
1.60799999999993,1473.47919607085
1.60899999999993,1473.47896466293
1.60999999999993,1473.47873336849
1.61099999999993,1473.47850218748
1.61199999999993,1473.47827111984
1.61299999999993,1473.47804016551
1.61399999999993,1473.47780932445
1.61499999999993,1473.4775785966
1.61599999999993,1473.4773479819
1.61699999999993,1473.47711748029
1.61799999999993,1473.47688709173
1.61899999999993,1473.47665681616
1.61999999999993,1473.47642665352
1.62099999999993,1473.47619660375
1.62199999999993,1473.47596666681
1.62299999999993,1473.47573684263
1.62399999999993,1473.47550713117
1.62499999999993,1473.47527753237
1.62599999999993,1473.47504804617
1.62699999999993,1473.47481867251
1.62799999999993,1473.47458941135
1.62899999999993,1473.47436026262
1.62999999999993,1473.47413122628
1.63099999999993,1473.47390230227
1.63199999999993,1473.47367349053
1.63299999999993,1473.47344479101
1.63399999999993,1473.47321620365
1.63499999999993,1473.4729877284
1.63599999999993,1473.47275936521
1.63699999999993,1473.47253111401
1.63799999999993,1473.47230297476
1.63899999999993,1473.4720749474
1.63999999999993,1473.47184703187
1.64099999999993,1473.47161922812
1.64199999999993,1473.4713915361
1.64299999999993,1473.47116395575
1.64399999999993,1473.47093648701
1.64499999999993,1473.47070912983
1.64599999999993,1473.47048188417
1.64699999999993,1473.47025474995
1.64799999999993,1473.47002772713
1.64899999999993,1473.46980081565
1.64999999999993,1473.46957401546
1.65099999999993,1473.46934732651
1.65199999999993,1473.46912074872
1.65299999999993,1473.46889428207
1.65399999999993,1473.46866792648
1.65499999999993,1473.46844168191
1.65599999999993,1473.4682155483
1.65699999999993,1473.46798952559
1.65799999999993,1473.46776361373
1.65899999999993,1473.46753781268
1.65999999999993,1473.46731212236
1.66099999999993,1473.46708654273
1.66199999999993,1473.46686107372
1.66299999999993,1473.46663571531
1.66399999999993,1473.46641046741
1.66499999999993,1473.46618532998
1.66599999999993,1473.46596030297
1.66699999999993,1473.46573538633
1.66799999999993,1473.46551057998
1.66899999999993,1473.46528588389
1.66999999999993,1473.46506129799
1.67099999999993,1473.46483682224
1.67199999999993,1473.46461245657
1.67299999999993,1473.46438820094
1.67399999999993,1473.4641640553
1.67499999999993,1473.46394001957
1.67599999999993,1473.46371609371
1.67699999999993,1473.46349227768
1.67799999999993,1473.46326857141
1.67899999999993,1473.46304497484
1.67999999999993,1473.46282148793
1.68099999999993,1473.46259811062
1.68199999999993,1473.46237484286
1.68299999999993,1473.46215168459
1.68399999999993,1473.46192863576
1.68499999999993,1473.46170569631
1.68599999999993,1473.46148286619
1.68699999999993,1473.46126014534
1.68799999999992,1473.46103753372
1.68899999999992,1473.46081503126
1.68999999999992,1473.46059263791
1.69099999999992,1473.46037035363
1.69199999999992,1473.46014817836
1.69299999999992,1473.45992611203
1.69399999999992,1473.4597041546
1.69499999999992,1473.45948230601
1.69599999999992,1473.45926056621
1.69699999999992,1473.45903893515
1.69799999999992,1473.45881741277
1.69899999999992,1473.45859599901
1.69999999999992,1473.45837469383
1.70099999999992,1473.45815349718
1.70199999999992,1473.45793240898
1.70299999999992,1473.4577114292
1.70399999999992,1473.45749055778
1.70499999999992,1473.45726979466
1.70599999999992,1473.45704913979
1.70699999999992,1473.45682859312
1.70799999999992,1473.4566081546
1.70899999999992,1473.45638782416
1.70999999999992,1473.45616760176
1.71099999999992,1473.45594748734
1.71199999999992,1473.45572748085
1.71299999999992,1473.45550758223
1.71399999999992,1473.45528779143
1.71499999999992,1473.45506810841
1.71599999999992,1473.4548485331
1.71699999999992,1473.45462906545
1.71799999999992,1473.4544097054
1.71899999999992,1473.45419045291
1.71999999999992,1473.45397130792
1.72099999999992,1473.45375227038
1.72199999999992,1473.45353334023
1.72299999999992,1473.45331451742
1.72399999999992,1473.45309580189
1.72499999999992,1473.4528771936
1.72599999999992,1473.45265869249
1.72699999999992,1473.4524402985
1.72799999999992,1473.45222201159
1.72899999999992,1473.4520038317
1.72999999999992,1473.45178575877
1.73099999999992,1473.45156779276
1.73199999999992,1473.4513499336
1.73299999999992,1473.45113218126
1.73399999999992,1473.45091453566
1.73499999999992,1473.45069699677
1.73599999999992,1473.45047956452
1.73699999999992,1473.45026223887
1.73799999999992,1473.45004501976
1.73899999999992,1473.44982790713
1.73999999999992,1473.44961090093
1.74099999999992,1473.44939400112
1.74199999999992,1473.44917720764
1.74299999999992,1473.44896052043
1.74399999999992,1473.44874393945
1.74499999999992,1473.44852746463
1.74599999999992,1473.44831109593
1.74699999999992,1473.44809483331
1.74799999999992,1473.44787867667
1.74899999999992,1473.44766262601
1.74999999999992,1473.44744668124
1.75099999999992,1473.44723084233
1.75199999999992,1473.44701510922
1.75299999999992,1473.44679948185
1.75399999999992,1473.44658396018
1.75499999999992,1473.44636854415
1.75599999999992,1473.4461532337
1.75699999999992,1473.44593802879
1.75799999999992,1473.44572292936
1.75899999999992,1473.44550793536
1.75999999999992,1473.44529304674
1.76099999999992,1473.44507826344
1.76199999999992,1473.44486358542
1.76299999999992,1473.44464901261
1.76399999999992,1473.44443454497
1.76499999999992,1473.44422018244
1.76599999999992,1473.44400592498
1.76699999999992,1473.44379177252
1.76799999999992,1473.44357772502
1.76899999999992,1473.44336378243
1.76999999999992,1473.44314994468
1.77099999999992,1473.44293621173
1.77199999999992,1473.44272258353
1.77299999999992,1473.44250906003
1.77399999999992,1473.44229564116
1.77499999999992,1473.44208232688
1.77599999999992,1473.44186911715
1.77699999999992,1473.4416560119
1.77799999999992,1473.44144301108
1.77899999999991,1473.44123011463
1.77999999999991,1473.44101732252
1.78099999999991,1473.44080463468
1.78199999999991,1473.44059205107
1.78299999999991,1473.44037957163
1.78399999999991,1473.44016719631
1.78499999999991,1473.43995492506
1.78599999999991,1473.43974275782
1.78699999999991,1473.43953069454
1.78799999999991,1473.43931873517
1.78899999999991,1473.43910687967
1.78999999999991,1473.43889512797
1.79099999999991,1473.43868348002
1.79199999999991,1473.43847193578
1.79299999999991,1473.43826049519
1.79399999999991,1473.4380491582
1.79499999999991,1473.43783792475
1.79599999999991,1473.43762679481
1.79699999999991,1473.4374157683
1.79799999999991,1473.43720484518
1.79899999999991,1473.43699402541
1.79999999999991,1473.43678330893
1.80099999999991,1473.43657269568
1.80199999999991,1473.43636218561
1.80299999999991,1473.43615177867
1.80399999999991,1473.43594147483
1.80499999999991,1473.43573127401
1.80599999999991,1473.43552117616
1.80699999999991,1473.43531118125
1.80799999999991,1473.4351012892
1.80899999999991,1473.43489149998
1.80999999999991,1473.43468181353
1.81099999999991,1473.43447222981
1.81199999999991,1473.43426274875
1.81299999999991,1473.43405337031
1.81399999999991,1473.43384409444
1.81499999999991,1473.43363492107
1.81599999999991,1473.43342585017
1.81699999999991,1473.43321688169
1.81799999999991,1473.43300801556
1.81899999999991,1473.43279925174
1.81999999999991,1473.43259059018
1.82099999999991,1473.43238203082
1.82199999999991,1473.43217357362
1.82299999999991,1473.43196521853
1.82399999999991,1473.43175696548
1.82499999999991,1473.43154881444
1.82599999999991,1473.43134076534
1.82699999999991,1473.43113281815
1.82799999999991,1473.4309249728
1.82899999999991,1473.43071722926
1.82999999999991,1473.43050958744
1.83099999999991,1473.43030204733
1.83199999999991,1473.43009460887
1.83299999999991,1473.429887272
1.83399999999991,1473.42968003666
1.83499999999991,1473.42947290281
1.83599999999991,1473.42926587042
1.83699999999991,1473.42905893941
1.83799999999991,1473.42885210973
1.83899999999991,1473.42864538134
1.83999999999991,1473.42843875418
1.84099999999991,1473.42823222822
1.84199999999991,1473.42802580339
1.84299999999991,1473.42781947964
1.84399999999991,1473.42761325692
1.84499999999991,1473.42740713518
1.84599999999991,1473.42720111438
1.84699999999991,1473.42699519446
1.84799999999991,1473.42678937537
1.84899999999991,1473.42658365706
1.84999999999991,1473.42637803948
1.85099999999991,1473.42617252257
1.85199999999991,1473.4259671063
1.85299999999991,1473.42576179059
1.85399999999991,1473.42555657542
1.85499999999991,1473.42535146072
1.85599999999991,1473.42514644646
1.85699999999991,1473.42494153256
1.85799999999991,1473.42473671899
1.85899999999991,1473.4245320057
1.85999999999991,1473.42432739263
1.86099999999991,1473.42412287973
1.86199999999991,1473.42391846695
1.86299999999991,1473.42371415426
1.86399999999991,1473.42350994158
1.86499999999991,1473.42330582887
1.86599999999991,1473.42310181609
1.86699999999991,1473.42289790319
1.86799999999991,1473.4226940901
1.86899999999991,1473.42249037679
1.8699999999999,1473.42228676319
1.8709999999999,1473.42208324927
1.8719999999999,1473.42187983498
1.8729999999999,1473.42167652024
1.8739999999999,1473.42147330505
1.8749999999999,1473.42127018931
1.8759999999999,1473.421067173
1.8769999999999,1473.42086425606
1.8779999999999,1473.42066143844
1.8789999999999,1473.42045872009
1.8799999999999,1473.42025610097
1.8809999999999,1473.42005358102
1.8819999999999,1473.41985116019
1.8829999999999,1473.41964883844
1.8839999999999,1473.4194466157
1.8849999999999,1473.41924449194
1.8859999999999,1473.41904246711
1.8869999999999,1473.41884054115
1.8879999999999,1473.41863871401
1.8889999999999,1473.41843698564
1.8899999999999,1473.418235356
1.8909999999999,1473.41803382504
1.8919999999999,1473.4178323927
1.8929999999999,1473.41763105894
1.8939999999999,1473.4174298237
1.8949999999999,1473.41722868694
1.8959999999999,1473.41702764861
1.8969999999999,1473.41682670866
1.8979999999999,1473.41662586703
1.8989999999999,1473.41642512368
1.8999999999999,1473.41622447856
1.9009999999999,1473.41602393162
1.9019999999999,1473.41582348282
1.9029999999999,1473.41562313209
1.9039999999999,1473.4154228794
1.9049999999999,1473.4152227247
1.9059999999999,1473.41502266793
1.9069999999999,1473.41482270903
1.9079999999999,1473.41462284797
1.9089999999999,1473.41442308471
1.9099999999999,1473.41422341918
1.9109999999999,1473.41402385133
1.9119999999999,1473.41382438113
1.9129999999999,1473.41362500851
1.9139999999999,1473.41342573344
1.9149999999999,1473.41322655586
1.9159999999999,1473.41302747572
1.9169999999999,1473.41282849297
1.9179999999999,1473.41262960757
1.9189999999999,1473.41243081947
1.9199999999999,1473.41223212861
1.9209999999999,1473.41203353495
1.9219999999999,1473.41183503844
1.9229999999999,1473.41163663903
1.9239999999999,1473.41143833667
1.9249999999999,1473.41124013132
1.9259999999999,1473.41104202291
1.9269999999999,1473.41084401142
1.9279999999999,1473.41064609678
1.9289999999999,1473.41044827895
1.9299999999999,1473.41025055788
1.9309999999999,1473.41005293351
1.9319999999999,1473.40985540582
1.9329999999999,1473.40965797473
1.9339999999999,1473.4094606402
1.9349999999999,1473.40926340221
1.9359999999999,1473.40906626067
1.9369999999999,1473.40886921555
1.9379999999999,1473.4086722668
1.9389999999999,1473.40847541438
1.9399999999999,1473.40827865823
1.9409999999999,1473.4080819983
1.9419999999999,1473.40788543456
1.9429999999999,1473.40768896694
1.9439999999999,1473.4074925954
1.9449999999999,1473.4072963199
1.9459999999999,1473.40710014037
1.9469999999999,1473.40690405679
1.9479999999999,1473.40670806909
1.9489999999999,1473.40651217724
1.9499999999999,1473.40631638117
1.9509999999999,1473.40612068084
1.9519999999999,1473.40592507621
1.9529999999999,1473.40572956723
1.9539999999999,1473.40553415384
1.9549999999999,1473.40533883601
1.9559999999999,1473.40514361368
1.9569999999999,1473.4049484868
1.9579999999999,1473.40475345534
1.9589999999999,1473.40455851923
1.95999999999989,1473.40436367843
1.96099999999989,1473.40416893289
1.96199999999989,1473.40397428257
1.96299999999989,1473.40377972742
1.96399999999989,1473.40358526738
1.96499999999989,1473.40339090242
1.96599999999989,1473.40319663248
1.96699999999989,1473.40300245751
1.96799999999989,1473.40280837748
1.96899999999989,1473.40261439232
1.96999999999989,1473.402420502
1.97099999999989,1473.40222670647
1.97199999999989,1473.40203300568
1.97299999999989,1473.40183939956
1.97399999999989,1473.40164588809
1.97499999999989,1473.40145247122
1.97599999999989,1473.4012591489
1.97699999999989,1473.40106592108
1.97799999999989,1473.4008727877
1.97899999999989,1473.40067974874
1.97999999999989,1473.40048680413
1.98099999999989,1473.40029395383
1.98199999999989,1473.40010119779
1.98299999999989,1473.39990853597
1.98399999999989,1473.39971596831
1.98499999999989,1473.39952349478
1.98599999999989,1473.39933111532
1.98699999999989,1473.39913882989
1.98799999999989,1473.39894663843
1.98899999999989,1473.3987545409
1.98999999999989,1473.39856253726
1.99099999999989,1473.39837062746
1.99199999999989,1473.39817881145
1.99299999999989,1473.39798708918
1.99399999999989,1473.3977954606
1.99499999999989,1473.39760392568
1.99599999999989,1473.39741248436
1.99699999999989,1473.39722113659
1.99799999999989,1473.39702988232
1.99899999999989,1473.39683872152
1.99999999999989,1473.39664765413
2.00099999999989,1473.39645668012
2.00199999999989,1473.39626579941
2.00299999999989,1473.39607501198
2.00399999999989,1473.39588431778
2.00499999999989,1473.39569371676
2.00599999999989,1473.39550320887
2.00699999999989,1473.39531279406
2.00799999999989,1473.3951224723
2.00899999999989,1473.39493224352
2.00999999999989,1473.39474210769
2.01099999999989,1473.39455206476
2.01199999999989,1473.39436211469
2.01299999999989,1473.39417225741
2.01399999999989,1473.3939824929
2.01499999999989,1473.3937928211
2.01599999999989,1473.39360324196
2.01699999999989,1473.39341375544
2.01799999999989,1473.3932243615
2.01899999999989,1473.39303506008
2.01999999999989,1473.39284585114
2.02099999999989,1473.39265673463
2.02199999999989,1473.39246771051
2.02299999999989,1473.39227877874
2.02399999999989,1473.39208993925
2.02499999999989,1473.39190119201
2.02599999999989,1473.39171253698
2.02699999999989,1473.3915239741
2.02799999999989,1473.39133550332
2.02899999999989,1473.3911471246
2.02999999999989,1473.39095883791
2.03099999999989,1473.39077064319
2.03199999999989,1473.39058254039
2.03299999999989,1473.39039452947
2.03399999999989,1473.39020661037
2.03499999999989,1473.39001878307
2.03599999999989,1473.3898310475
2.03699999999989,1473.38964340362
2.03799999999989,1473.38945585139
2.03899999999989,1473.38926839077
2.03999999999989,1473.38908102169
2.04099999999989,1473.38889374413
2.04199999999989,1473.38870655803
2.04299999999989,1473.38851946335
2.04399999999989,1473.38833246004
2.04499999999989,1473.38814554805
2.04599999999989,1473.38795872735
2.04699999999989,1473.38777199787
2.04799999999989,1473.38758535959
2.04899999999989,1473.38739881245
2.04999999999989,1473.3872123564
2.05099999999989,1473.38702599141
2.05199999999989,1473.38683971741
2.05299999999988,1473.38665353439
2.05399999999988,1473.38646744226
2.05499999999988,1473.38628144101
2.05599999999988,1473.38609553059
2.05699999999988,1473.38590971094
2.05799999999988,1473.38572398202
2.05899999999988,1473.38553834378
2.05999999999988,1473.38535279619
2.06099999999988,1473.38516733919
2.06199999999988,1473.38498197274
2.06299999999988,1473.38479669679
2.06399999999988,1473.3846115113
2.06499999999988,1473.38442641623
2.06599999999988,1473.38424141152
2.06699999999988,1473.38405649713
2.06799999999988,1473.38387167302
2.06899999999988,1473.38368693914
2.06999999999988,1473.38350229545
2.07099999999988,1473.3833177419
2.07199999999988,1473.38313327845
2.07299999999988,1473.38294890504
2.07399999999988,1473.38276462164
2.07499999999988,1473.3825804282
2.07599999999988,1473.38239632468
2.07699999999988,1473.38221231102
2.07799999999988,1473.38202838719
2.07899999999988,1473.38184455314
2.07999999999988,1473.38166080882
2.08099999999988,1473.3814771542
2.08199999999988,1473.38129358921
2.08299999999988,1473.38111011383
2.08399999999988,1473.38092672801
2.08499999999988,1473.38074343168
2.08599999999988,1473.38056022483
2.08699999999988,1473.3803771074
2.08799999999988,1473.38019407934
2.08899999999988,1473.38001114062
2.08999999999988,1473.37982829117
2.09099999999988,1473.37964553097
2.09199999999988,1473.37946285996
2.09299999999988,1473.3792802781
2.09399999999988,1473.37909778535
2.09499999999988,1473.37891538167
2.09599999999988,1473.378733067
2.09699999999988,1473.3785508413
2.09799999999988,1473.37836870453
2.09899999999988,1473.37818665664
2.09999999999988,1473.37800469759
2.10099999999988,1473.37782282734
2.10199999999988,1473.37764104583
2.10299999999988,1473.37745935303
2.10399999999988,1473.37727774889
2.10499999999988,1473.37709623337
2.10599999999988,1473.37691480641
2.10699999999988,1473.37673346799
2.10799999999988,1473.37655221804
2.10899999999988,1473.37637105654
2.10999999999988,1473.37618998342
2.11099999999988,1473.37600899866
2.11199999999988,1473.37582810221
2.11299999999988,1473.37564729401
2.11399999999988,1473.37546657404
2.11499999999988,1473.37528594223
2.11599999999988,1473.37510539855
2.11699999999988,1473.37492494296
2.11799999999988,1473.3747445754
2.11899999999988,1473.37456429585
2.11999999999988,1473.37438410424
2.12099999999988,1473.37420400054
2.12199999999988,1473.3740239847
2.12299999999988,1473.37384405669
2.12399999999988,1473.37366421645
2.12499999999988,1473.37348446394
2.12599999999988,1473.37330479912
2.12699999999988,1473.37312522194
2.12799999999988,1473.37294573236
2.12899999999988,1473.37276633034
2.12999999999988,1473.37258701583
2.13099999999988,1473.37240778879
2.13199999999988,1473.37222864917
2.13299999999988,1473.37204959693
2.13399999999988,1473.37187063203
2.13499999999988,1473.37169175441
2.13599999999988,1473.37151296405
2.13699999999988,1473.3713342609
2.13799999999988,1473.37115564491
2.13899999999988,1473.37097711603
2.13999999999988,1473.37079867423
2.14099999999988,1473.37062031946
2.14199999999988,1473.37044205167
2.14299999999988,1473.37026387083
2.14399999999987,1473.37008577689
2.14499999999987,1473.3699077698
2.14599999999987,1473.36972984953
2.14699999999987,1473.36955201603
2.14799999999987,1473.36937426925
2.14899999999987,1473.36919660915
2.14999999999987,1473.3690190357
2.15099999999987,1473.36884154884
2.15199999999987,1473.36866414853
2.15299999999987,1473.36848683473
2.15399999999987,1473.36830960739
2.15499999999987,1473.36813246648
2.15599999999987,1473.36795541194
2.15699999999987,1473.36777844374
2.15799999999987,1473.36760156184
2.15899999999987,1473.36742476617
2.15999999999987,1473.36724805672
2.16099999999987,1473.36707143343
2.16199999999987,1473.36689489626
2.16299999999987,1473.36671844517
2.16399999999987,1473.36654208011
2.16499999999987,1473.36636580103
2.16599999999987,1473.36618960791
2.16699999999987,1473.36601350069
2.16799999999987,1473.36583747933
2.16899999999987,1473.36566154379
2.16999999999987,1473.36548569402
2.17099999999987,1473.36530992999
2.17199999999987,1473.36513425164
2.17299999999987,1473.36495865894
2.17399999999987,1473.36478315184
2.17499999999987,1473.36460773031
2.17599999999987,1473.36443239429
2.17699999999987,1473.36425714375
2.17799999999987,1473.36408197864
2.17899999999987,1473.36390689892
2.17999999999987,1473.36373190453
2.18099999999987,1473.36355699547
2.18199999999987,1473.36338217165
2.18299999999987,1473.36320743306
2.18399999999987,1473.36303277964
2.18499999999987,1473.36285821135
2.18599999999987,1473.36268372816
2.18699999999987,1473.36250933001
2.18799999999987,1473.36233501687
2.18899999999987,1473.3621607887
2.18999999999987,1473.36198664543
2.19099999999987,1473.36181258705
2.19199999999987,1473.3616386135
2.19299999999987,1473.36146472475
2.19399999999987,1473.36129092075
2.19499999999987,1473.36111720144
2.19599999999987,1473.36094356682
2.19699999999987,1473.3607700168
2.19799999999987,1473.36059655138
2.19899999999987,1473.36042317049
2.19999999999987,1473.3602498741
2.20099999999987,1473.36007666216
2.20199999999987,1473.35990353463
2.20299999999987,1473.35973049147
2.20399999999987,1473.35955753264
2.20499999999987,1473.35938465809
2.20599999999987,1473.35921186779
2.20699999999987,1473.35903916168
2.20799999999987,1473.35886653974
2.20899999999987,1473.35869400191
2.20999999999987,1473.35852154816
2.21099999999987,1473.35834917843
2.21199999999987,1473.3581768927
2.21299999999987,1473.35800469091
2.21399999999987,1473.35783257303
2.21499999999987,1473.35766053902
2.21599999999987,1473.35748858882
2.21699999999987,1473.35731672241
2.21799999999987,1473.35714493973
2.21899999999987,1473.35697324075
2.21999999999987,1473.35680162542
2.22099999999987,1473.35663009372
2.22199999999987,1473.35645864557
2.22299999999987,1473.35628728096
2.22399999999987,1473.35611599984
2.22499999999987,1473.35594480216
2.22599999999987,1473.35577368788
2.22699999999987,1473.35560265697
2.22799999999987,1473.35543170938
2.22899999999987,1473.35526084506
2.22999999999987,1473.35509006398
2.23099999999987,1473.3549193661
2.23199999999987,1473.35474875138
2.23299999999987,1473.35457821976
2.23399999999987,1473.35440777121
2.23499999999986,1473.35423740569
2.23599999999986,1473.35406712316
2.23699999999986,1473.35389692358
2.23799999999986,1473.3537268069
2.23899999999986,1473.35355677309
2.23999999999986,1473.35338682209
2.24099999999986,1473.35321695388
2.24199999999986,1473.35304716841
2.24299999999986,1473.35287746563
2.24399999999986,1473.3527078455
2.24499999999986,1473.352538308
2.24599999999986,1473.35236885307
2.24699999999986,1473.35219948067
2.24799999999986,1473.35203019076
2.24899999999986,1473.3518609833
2.24999999999986,1473.35169185825
2.25099999999986,1473.35152281557
2.25199999999986,1473.35135385521
2.25299999999986,1473.35118497714
2.25399999999986,1473.35101618131
2.25499999999986,1473.35084746769
2.25599999999986,1473.35067883622
2.25699999999986,1473.35051028688
2.25799999999986,1473.35034181961
2.25899999999986,1473.35017343439
2.25999999999986,1473.35000513116
2.26099999999986,1473.34983690989
2.26199999999986,1473.34966877054
2.26299999999986,1473.34950071306
2.26399999999986,1473.34933273741
2.26499999999986,1473.34916484356
2.26599999999986,1473.34899703146
2.26699999999986,1473.34882930107
2.26799999999986,1473.34866165235
2.26899999999986,1473.34849408526
2.26999999999986,1473.34832659977
2.27099999999986,1473.34815919581
2.27199999999986,1473.34799187337
2.27299999999986,1473.34782463239
2.27399999999986,1473.34765747284
2.27499999999986,1473.34749039467
2.27599999999986,1473.34732339785
2.27699999999986,1473.34715648233
2.27799999999986,1473.34698964808
2.27899999999986,1473.34682289504
2.27999999999986,1473.34665622319
2.28099999999986,1473.34648963249
2.28199999999986,1473.34632312288
2.28299999999986,1473.34615669433
2.28399999999986,1473.3459903468
2.28499999999986,1473.34582408026
2.28599999999986,1473.34565789465
2.28699999999986,1473.34549178994
2.28799999999986,1473.34532576609
2.28899999999986,1473.34515982306
2.28999999999986,1473.34499396081
2.29099999999986,1473.34482817929
2.29199999999986,1473.34466247847
2.29299999999986,1473.3444968583
2.29399999999986,1473.34433131876
2.29499999999986,1473.34416585978
2.29599999999986,1473.34400048135
2.29699999999986,1473.34383518341
2.29799999999986,1473.34366996592
2.29899999999986,1473.34350482886
2.29999999999986,1473.34333977217
2.30099999999986,1473.3431747958
2.30199999999986,1473.34300989974
2.30299999999986,1473.34284508393
2.30399999999986,1473.34268034834
2.30499999999986,1473.34251569292
2.30599999999986,1473.34235111763
2.30699999999986,1473.34218662245
2.30799999999986,1473.34202220732
2.30899999999986,1473.34185787219
2.30999999999986,1473.34169361705
2.31099999999986,1473.34152944184
2.31199999999986,1473.34136534653
2.31299999999986,1473.34120133107
2.31399999999986,1473.34103739543
2.31499999999986,1473.34087353956
2.31599999999986,1473.34070976342
2.31699999999986,1473.34054606699
2.31799999999986,1473.34038245021
2.31899999999986,1473.34021891305
2.31999999999986,1473.34005545546
2.32099999999986,1473.33989207741
2.32199999999986,1473.33972877885
2.32299999999986,1473.33956555976
2.32399999999986,1473.33940242009
2.32499999999986,1473.33923935979
2.32599999999985,1473.33907637882
2.32699999999985,1473.33891347717
2.32799999999985,1473.33875065477
2.32899999999985,1473.33858791159
2.32999999999985,1473.33842524759
2.33099999999985,1473.33826266272
2.33199999999985,1473.33810015697
2.33299999999985,1473.33793773027
2.33399999999985,1473.33777538259
2.33499999999985,1473.33761311391
2.33599999999985,1473.33745092416
2.33699999999985,1473.33728881332
2.33799999999985,1473.33712678134
2.33899999999985,1473.33696482819
2.33999999999985,1473.33680295383
2.34099999999985,1473.33664115821
2.34199999999985,1473.3364794413
2.34299999999985,1473.33631780306
2.34399999999985,1473.33615624345
2.34499999999985,1473.33599476243
2.34599999999985,1473.33583335996
2.34699999999985,1473.335672036
2.34799999999985,1473.33551079052
2.34899999999985,1473.33534962347
2.34999999999985,1473.33518853481
2.35099999999985,1473.33502752451
2.35199999999985,1473.33486659252
2.35299999999985,1473.33470573881
2.35399999999985,1473.33454496334
2.35499999999985,1473.33438426607
2.35599999999985,1473.33422364696
2.35699999999985,1473.33406310597
2.35799999999985,1473.33390264306
2.35899999999985,1473.3337422582
2.35999999999985,1473.33358195134
2.36099999999985,1473.33342172245
2.36199999999985,1473.33326157148
2.36299999999985,1473.3331014984
2.36399999999985,1473.33294150317
2.36499999999985,1473.33278158575
2.36599999999985,1473.3326217461
2.36699999999985,1473.33246198419
2.36799999999985,1473.33230229997
2.36899999999985,1473.3321426934
2.36999999999985,1473.33198316445
2.37099999999985,1473.33182371308
2.37199999999985,1473.33166433924
2.37299999999985,1473.33150504291
2.37399999999985,1473.33134582404
2.37499999999985,1473.3311866826
2.37599999999985,1473.33102761854
2.37699999999985,1473.33086863181
2.37799999999985,1473.33070972242
2.37899999999985,1473.33055089027
2.37999999999985,1473.33039213536
2.38099999999985,1473.33023345764
2.38199999999985,1473.33007485708
2.38299999999985,1473.32991633364
2.38399999999985,1473.32975788726
2.38499999999985,1473.32959951793
2.38599999999985,1473.32944122559
2.38699999999985,1473.32928301022
2.38799999999985,1473.32912487178
2.38899999999985,1473.32896681022
2.38999999999985,1473.3288088255
2.39099999999985,1473.32865091759
2.39199999999985,1473.32849308645
2.39299999999985,1473.32833533205
2.39399999999985,1473.32817765434
2.39499999999985,1473.32802005328
2.39599999999985,1473.32786252884
2.39699999999985,1473.32770508098
2.39799999999985,1473.32754770966
2.39899999999985,1473.32739041485
2.39999999999985,1473.3272331965
2.40099999999985,1473.32707605458
2.40199999999985,1473.32691898904
2.40299999999985,1473.32676199985
2.40399999999985,1473.32660508698
2.40499999999985,1473.32644825038
2.40599999999985,1473.32629149002
2.40699999999985,1473.32613480586
2.40799999999985,1473.32597819785
2.40899999999985,1473.32582166597
2.40999999999985,1473.32566521018
2.41099999999985,1473.32550883043
2.41199999999985,1473.32535252669
2.41299999999985,1473.32519629892
2.41399999999985,1473.32504014709
2.41499999999985,1473.32488407116
2.41599999999984,1473.32472807108
2.41699999999984,1473.32457214682
2.41799999999984,1473.32441629834
2.41899999999984,1473.32426052561
2.41999999999984,1473.32410482858
2.42099999999984,1473.32394920722
2.42199999999984,1473.3237936615
2.42299999999984,1473.32363819136
2.42399999999984,1473.32348279679
2.42499999999984,1473.32332747773
2.42599999999984,1473.32317223416
2.42699999999984,1473.32301706602
2.42799999999984,1473.3228619733
2.42899999999984,1473.32270695595
2.42999999999984,1473.32255201392
2.43099999999984,1473.32239714718
2.43199999999984,1473.32224235571
2.43299999999984,1473.32208763945
2.43399999999984,1473.32193299837
2.43499999999984,1473.32177843244
2.43599999999984,1473.32162394161
2.43699999999984,1473.32146952586
2.43799999999984,1473.32131518512
2.43899999999984,1473.32116091939
2.43999999999984,1473.32100672861
2.44099999999984,1473.32085261276
2.44199999999984,1473.32069857179
2.44299999999984,1473.32054460566
2.44399999999984,1473.32039071433
2.44499999999984,1473.32023689779
2.44599999999984,1473.32008315597
2.44699999999984,1473.31992948885
2.44799999999984,1473.31977589639
2.44899999999984,1473.31962237855
2.44999999999984,1473.31946893529
2.45099999999984,1473.31931556659
2.45199999999984,1473.31916227239
2.45299999999984,1473.31900905267
2.45399999999984,1473.31885590738
2.45499999999984,1473.3187028365
2.45599999999984,1473.31854983997
2.45699999999984,1473.31839691778
2.45799999999984,1473.31824406987
2.45899999999984,1473.31809129621
2.45999999999984,1473.31793859677
2.46099999999984,1473.3177859715
2.46199999999984,1473.31763342037
2.46299999999984,1473.31748094335
2.46399999999984,1473.3173285404
2.46499999999984,1473.31717621148
2.46599999999984,1473.31702395655
2.46699999999984,1473.31687177558
2.46799999999984,1473.31671966851
2.46899999999984,1473.31656763535
2.46999999999984,1473.31641567603
2.47099999999984,1473.31626379052
2.47199999999984,1473.31611197878
2.47299999999984,1473.31596024077
2.47399999999984,1473.31580857646
2.47499999999984,1473.31565698582
2.47599999999984,1473.31550546881
2.47699999999984,1473.31535402539
2.47799999999984,1473.31520265552
2.47899999999984,1473.31505135916
2.47999999999984,1473.31490013628
2.48099999999984,1473.31474898685
2.48199999999984,1473.31459791083
2.48299999999984,1473.31444690818
2.48399999999984,1473.31429597885
2.48499999999984,1473.31414512283
2.48599999999984,1473.31399434008
2.48699999999984,1473.31384363054
2.48799999999984,1473.3136929942
2.48899999999984,1473.313542431
2.48999999999984,1473.31339194092
2.49099999999984,1473.31324152392
2.49199999999984,1473.31309117996
2.49299999999984,1473.31294090902
2.49399999999984,1473.31279071104
2.49499999999984,1473.31264058599
2.49599999999984,1473.31249053385
2.49699999999984,1473.31234055457
2.49799999999984,1473.3121906481
2.49899999999984,1473.31204081443
2.49999999999984,1473.31189105351
2.50099999999984,1473.31174136532
2.50199999999984,1473.3115917498
2.50299999999984,1473.31144220692
2.50399999999984,1473.31129273666
2.50499999999984,1473.31114333897
2.50599999999984,1473.31099401381
2.50699999999983,1473.31084476116
2.50799999999983,1473.31069558096
2.50899999999983,1473.31054647321
2.50999999999983,1473.31039743784
2.51099999999983,1473.31024847482
2.51199999999983,1473.31009958413
2.51299999999983,1473.30995076573
2.51399999999983,1473.30980201957
2.51499999999983,1473.30965334563
2.51599999999983,1473.30950474386
2.51699999999983,1473.30935621423
2.51799999999983,1473.3092077567
2.51899999999983,1473.30905937125
2.51999999999983,1473.30891105784
2.52099999999983,1473.30876281642
2.52199999999983,1473.30861464696
2.52299999999983,1473.30846654943
2.52399999999983,1473.30831852379
2.52499999999983,1473.30817057
2.52599999999983,1473.30802268804
2.52699999999983,1473.30787487786
2.52799999999983,1473.30772713942
2.52899999999983,1473.3075794727
2.52999999999983,1473.30743187766
2.53099999999983,1473.30728435426
2.53199999999983,1473.30713690246
2.53299999999983,1473.30698952223
2.53399999999983,1473.30684221354
2.53499999999983,1473.30669497635
2.53599999999983,1473.30654781062
2.53699999999983,1473.30640071632
2.53799999999983,1473.30625369341
2.53899999999983,1473.30610674186
2.53999999999983,1473.30595986163
2.54099999999983,1473.30581305269
2.54199999999983,1473.305666315
2.54299999999983,1473.30551964852
2.54399999999983,1473.30537305323
2.54499999999983,1473.30522652908
2.54599999999983,1473.30508007603
2.54699999999983,1473.30493369408
2.54799999999983,1473.30478738314
2.54899999999983,1473.30464114322
2.54999999999983,1473.30449497427
2.55099999999983,1473.30434887625
2.55199999999983,1473.30420284913
2.55299999999983,1473.30405689286
2.55399999999983,1473.30391100743
2.55499999999983,1473.30376519279
2.55599999999983,1473.30361944891
2.55699999999983,1473.30347377575
2.55799999999983,1473.30332817328
2.55899999999983,1473.30318264146
2.55999999999983,1473.30303718026
2.56099999999983,1473.30289178964
2.56199999999983,1473.30274646957
2.56299999999983,1473.30260122001
2.56399999999983,1473.30245604092
2.56499999999983,1473.30231093228
2.56599999999983,1473.30216589405
2.56699999999983,1473.30202092618
2.56799999999983,1473.30187602866
2.56899999999983,1473.30173120144
2.56999999999983,1473.30158644449
2.57099999999983,1473.30144175777
2.57199999999983,1473.30129714124
2.57299999999983,1473.30115259488
2.57399999999983,1473.30100811865
2.57499999999983,1473.30086371252
2.57599999999983,1473.30071937643
2.57699999999983,1473.30057511038
2.57799999999983,1473.30043091431
2.57899999999983,1473.3002867882
2.57999999999983,1473.300142732
2.58099999999983,1473.2999987457
2.58199999999983,1473.29985482924
2.58299999999983,1473.29971098261
2.58399999999983,1473.29956720575
2.58499999999983,1473.29942349864
2.58599999999983,1473.29927986124
2.58699999999983,1473.29913629352
2.58799999999983,1473.29899279544
2.58899999999983,1473.29884936697
2.58999999999983,1473.29870600807
2.59099999999983,1473.29856271871
2.59199999999983,1473.29841949886
2.59299999999983,1473.29827634849
2.59399999999983,1473.29813326754
2.59499999999983,1473.29799025599
2.59599999999983,1473.29784731382
2.59699999999983,1473.29770444097
2.59799999999982,1473.29756163743
2.59899999999982,1473.29741890314
2.59999999999982,1473.2972762381
2.60099999999982,1473.29713364224
2.60199999999982,1473.29699111554
2.60299999999982,1473.29684865797
2.60399999999982,1473.2967062695
2.60499999999982,1473.29656395008
2.60599999999982,1473.29642169969
2.60699999999982,1473.29627951829
2.60799999999982,1473.29613740584
2.60899999999982,1473.29599536231
2.60999999999982,1473.29585338768
2.61099999999982,1473.29571148188
2.61199999999982,1473.29556964492
2.61299999999982,1473.29542787674
2.61399999999982,1473.29528617731
2.61499999999982,1473.29514454659
2.61599999999982,1473.29500298456
2.61699999999982,1473.29486149118
2.61799999999982,1473.29472006642
2.61899999999982,1473.29457871023
2.61999999999982,1473.29443742259
2.62099999999982,1473.29429620346
2.62199999999982,1473.29415505281
2.62299999999982,1473.29401397061
2.62399999999982,1473.29387295681
2.62499999999982,1473.29373201139
2.62599999999982,1473.29359113432
2.62699999999982,1473.29345032556
2.62799999999982,1473.29330958507
2.62899999999982,1473.29316891283
2.62999999999982,1473.29302830879
2.63099999999982,1473.29288777292
2.63199999999982,1473.2927473052
2.63299999999982,1473.29260690558
2.63399999999982,1473.29246657404
2.63499999999982,1473.29232631053
2.63599999999982,1473.29218611502
2.63699999999982,1473.2920459875
2.63799999999982,1473.2919059279
2.63899999999982,1473.29176593622
2.63999999999982,1473.2916260124
2.64099999999982,1473.29148615642
2.64199999999982,1473.29134636825
2.64299999999982,1473.29120664784
2.64399999999982,1473.29106699517
2.64499999999982,1473.29092741021
2.64599999999982,1473.29078789291
2.64699999999982,1473.29064844324
2.64799999999982,1473.29050906119
2.64899999999982,1473.29036974669
2.64999999999982,1473.29023049974
2.65099999999982,1473.29009132029
2.65199999999982,1473.2899522083
2.65299999999982,1473.28981316375
2.65399999999982,1473.2896741866
2.65499999999982,1473.28953527682
2.65599999999982,1473.28939643437
2.65699999999982,1473.28925765923
2.65799999999982,1473.28911895135
2.65899999999982,1473.28898031072
2.65999999999982,1473.28884173727
2.66099999999982,1473.288703231
2.66199999999982,1473.28856479187
2.66299999999982,1473.28842641983
2.66399999999982,1473.28828811487
2.66499999999982,1473.28814987694
2.66599999999982,1473.28801170601
2.66699999999982,1473.28787360205
2.66799999999982,1473.28773556503
2.66899999999982,1473.2875975949
2.66999999999982,1473.28745969165
2.67099999999982,1473.28732185525
2.67199999999982,1473.28718408563
2.67299999999982,1473.28704638279
2.67399999999982,1473.28690874668
2.67499999999982,1473.28677117729
2.67599999999982,1473.28663367457
2.67699999999982,1473.28649623847
2.67799999999982,1473.28635886899
2.67899999999982,1473.28622156608
2.67999999999982,1473.2860843297
2.68099999999982,1473.28594715984
2.68199999999982,1473.28581005645
2.68299999999982,1473.2856730195
2.68399999999982,1473.28553604896
2.68499999999982,1473.28539914478
2.68599999999982,1473.28526230696
2.68699999999982,1473.28512553544
2.68799999999982,1473.28498883021
2.68899999999981,1473.2848521912
2.68999999999981,1473.28471561841
2.69099999999981,1473.28457911181
2.69199999999981,1473.28444267135
2.69299999999981,1473.284306297
2.69399999999981,1473.28416998873
2.69499999999981,1473.2840337465
2.69599999999981,1473.2838975703
2.69699999999981,1473.28376146007
2.69799999999981,1473.28362541579
2.69899999999981,1473.28348943743
2.69999999999981,1473.28335352495
2.70099999999981,1473.28321767833
2.70199999999981,1473.28308189752
2.70299999999981,1473.2829461825
2.70399999999981,1473.28281053324
2.70499999999981,1473.28267494969
2.70599999999981,1473.28253943183
2.70699999999981,1473.28240397963
2.70799999999981,1473.28226859306
2.70899999999981,1473.28213327208
2.70999999999981,1473.28199801665
2.71099999999981,1473.28186282675
2.71199999999981,1473.28172770234
2.71299999999981,1473.2815926434
2.71399999999981,1473.28145764988
2.71499999999981,1473.28132272177
2.71599999999981,1473.28118785902
2.71699999999981,1473.28105306159
2.71799999999981,1473.28091832947
2.71899999999981,1473.28078366261
2.71999999999981,1473.280649061
2.72099999999981,1473.28051452458
2.72199999999981,1473.28038005333
2.72299999999981,1473.28024564722
2.72399999999981,1473.28011130623
2.72499999999981,1473.2799770303
2.72599999999981,1473.27984281942
2.72699999999981,1473.27970867354
2.72799999999981,1473.27957459265
2.72899999999981,1473.2794405767
2.72999999999981,1473.27930662566
2.73099999999981,1473.27917273951
2.73199999999981,1473.2790389182
2.73299999999981,1473.27890516171
2.73399999999981,1473.27877147001
2.73499999999981,1473.27863784306
2.73599999999981,1473.27850428083
2.73699999999981,1473.27837078329
2.73799999999981,1473.2782373504
2.73899999999981,1473.27810398215
2.73999999999981,1473.27797067849
2.74099999999981,1473.27783743939
2.74199999999981,1473.27770426481
2.74299999999981,1473.27757115474
2.74399999999981,1473.27743810912
2.74499999999981,1473.27730512795
2.74599999999981,1473.27717221117
2.74699999999981,1473.27703935877
2.74799999999981,1473.2769065707
2.74899999999981,1473.27677384694
2.74999999999981,1473.27664118746
2.75099999999981,1473.27650859222
2.75199999999981,1473.27637606119
2.75299999999981,1473.27624359434
2.75399999999981,1473.27611119163
2.75499999999981,1473.27597885304
2.75599999999981,1473.27584657854
2.75699999999981,1473.27571436809
2.75799999999981,1473.27558222166
2.75899999999981,1473.27545013922
2.75999999999981,1473.27531812074
2.76099999999981,1473.27518616619
2.76199999999981,1473.27505427552
2.76299999999981,1473.27492244873
2.76399999999981,1473.27479068576
2.76499999999981,1473.2746589866
2.76599999999981,1473.2745273512
2.76699999999981,1473.27439577954
2.76799999999981,1473.27426427159
2.76899999999981,1473.2741328273
2.76999999999981,1473.27400144666
2.77099999999981,1473.27387012963
2.77199999999981,1473.27373887619
2.77299999999981,1473.27360768629
2.77399999999981,1473.27347655991
2.77499999999981,1473.27334549701
2.77599999999981,1473.27321449757
2.77699999999981,1473.27308356155
2.77799999999981,1473.27295268892
2.77899999999981,1473.27282187965
2.7799999999998,1473.27269113372
2.7809999999998,1473.27256045107
2.7819999999998,1473.2724298317
2.7829999999998,1473.27229927555
2.7839999999998,1473.27216878262
2.7849999999998,1473.27203835285
2.7859999999998,1473.27190798623
2.7869999999998,1473.27177768272
2.7879999999998,1473.27164744229
2.7889999999998,1473.2715172649
2.7899999999998,1473.27138715054
2.7909999999998,1473.27125709915
2.7919999999998,1473.27112711073
2.7929999999998,1473.27099718522
2.7939999999998,1473.27086732261
2.7949999999998,1473.27073752285
2.7959999999998,1473.27060778593
2.7969999999998,1473.27047811181
2.7979999999998,1473.27034850046
2.7989999999998,1473.27021895184
2.7999999999998,1473.27008946594
2.8009999999998,1473.2699600427
2.8019999999998,1473.26983068211
2.8029999999998,1473.26970138414
2.8039999999998,1473.26957214875
2.8049999999998,1473.26944297591
2.8059999999998,1473.26931386559
2.8069999999998,1473.26918481776
2.8079999999998,1473.26905583239
2.8089999999998,1473.26892690944
2.8099999999998,1473.2687980489
2.8109999999998,1473.26866925072
2.8119999999998,1473.26854051487
2.8129999999998,1473.26841184134
2.8139999999998,1473.26828323007
2.8149999999998,1473.26815468106
2.8159999999998,1473.26802619425
2.8169999999998,1473.26789776962
2.8179999999998,1473.26776940715
2.8189999999998,1473.2676411068
2.8199999999998,1473.26751286854
2.8209999999998,1473.26738469233
2.8219999999998,1473.26725657816
2.8229999999998,1473.26712852598
2.8239999999998,1473.26700053578
2.8249999999998,1473.26687260751
2.8259999999998,1473.26674474114
2.8269999999998,1473.26661693666
2.8279999999998,1473.26648919402
2.8289999999998,1473.26636151319
2.8299999999998,1473.26623389414
2.8309999999998,1473.26610633686
2.8319999999998,1473.26597884129
2.8329999999998,1473.26585140742
2.8339999999998,1473.26572403521
2.8349999999998,1473.26559672463
2.8359999999998,1473.26546947566
2.8369999999998,1473.26534228826
2.8379999999998,1473.26521516239
2.8389999999998,1473.26508809804
2.8399999999998,1473.26496109516
2.8409999999998,1473.26483415374
2.8419999999998,1473.26470727374
2.8429999999998,1473.26458045512
2.8439999999998,1473.26445369787
2.8449999999998,1473.26432700195
2.8459999999998,1473.26420036732
2.8469999999998,1473.26407379396
2.8479999999998,1473.26394728184
2.8489999999998,1473.26382083093
2.8499999999998,1473.2636944412
2.8509999999998,1473.26356811261
2.8519999999998,1473.26344184514
2.8529999999998,1473.26331563876
2.8539999999998,1473.26318949343
2.8549999999998,1473.26306340913
2.8559999999998,1473.26293738583
2.8569999999998,1473.26281142349
2.8579999999998,1473.2626855221
2.8589999999998,1473.2625596816
2.8599999999998,1473.26243390199
2.8609999999998,1473.26230818323
2.8619999999998,1473.26218252527
2.8629999999998,1473.2620569281
2.8639999999998,1473.2619313917
2.8649999999998,1473.26180591602
2.8659999999998,1473.26168050103
2.8669999999998,1473.26155514672
2.8679999999998,1473.26142985304
2.8689999999998,1473.26130461996
2.86999999999979,1473.26117944747
2.87099999999979,1473.26105433551
2.87199999999979,1473.26092928408
2.87299999999979,1473.26080429314
2.87399999999979,1473.26067936265
2.87499999999979,1473.26055449259
2.87599999999979,1473.26042968293
2.87699999999979,1473.26030493364
2.87799999999979,1473.26018024469
2.87899999999979,1473.26005561604
2.87999999999979,1473.25993104767
2.88099999999979,1473.25980653956
2.88199999999979,1473.25968209166
2.88299999999979,1473.25955770396
2.88399999999979,1473.25943337641
2.88499999999979,1473.25930910899
2.88599999999979,1473.25918490168
2.88699999999979,1473.25906075444
2.88799999999979,1473.25893666724
2.88899999999979,1473.25881264005
2.88999999999979,1473.25868867284
2.89099999999979,1473.25856476559
2.89199999999979,1473.25844091826
2.89299999999979,1473.25831713083
2.89399999999979,1473.25819340325
2.89499999999979,1473.25806973552
2.89599999999979,1473.25794612759
2.89699999999979,1473.25782257943
2.89799999999979,1473.25769909102
2.89899999999979,1473.25757566234
2.89999999999979,1473.25745229333
2.90099999999979,1473.25732898399
2.90199999999979,1473.25720573428
2.90299999999979,1473.25708254416
2.90399999999979,1473.25695941361
2.90499999999979,1473.25683634261
2.90599999999979,1473.25671333111
2.90699999999979,1473.2565903791
2.90799999999979,1473.25646748654
2.90899999999979,1473.25634465341
2.90999999999979,1473.25622187967
2.91099999999979,1473.25609916529
2.91199999999979,1473.25597651025
2.91299999999979,1473.25585391452
2.91399999999979,1473.25573137806
2.91499999999979,1473.25560890086
2.91599999999979,1473.25548648286
2.91699999999979,1473.25536412406
2.91799999999979,1473.25524182442
2.91899999999979,1473.25511958392
2.91999999999979,1473.25499740252
2.92099999999979,1473.25487528018
2.92199999999979,1473.25475321689
2.92299999999979,1473.25463121263
2.92399999999979,1473.25450926734
2.92499999999979,1473.254387381
2.92599999999979,1473.2542655536
2.92699999999979,1473.2541437851
2.92799999999979,1473.25402207547
2.92899999999979,1473.25390042467
2.92999999999979,1473.25377883269
2.93099999999979,1473.25365729949
2.93199999999979,1473.25353582505
2.93299999999979,1473.25341440933
2.93399999999979,1473.25329305231
2.93499999999979,1473.25317175395
2.93599999999979,1473.25305051423
2.93699999999979,1473.25292933313
2.93799999999979,1473.2528082106
2.93899999999979,1473.25268714663
2.93999999999979,1473.25256614117
2.94099999999979,1473.25244519421
2.94199999999979,1473.25232430572
2.94299999999979,1473.25220347566
2.94399999999979,1473.25208270401
2.94499999999979,1473.25196199074
2.94599999999979,1473.25184133582
2.94699999999979,1473.25172073922
2.94799999999979,1473.25160020091
2.94899999999979,1473.25147972087
2.94999999999979,1473.25135929907
2.95099999999979,1473.25123893546
2.95199999999979,1473.25111863004
2.95299999999979,1473.25099838277
2.95399999999979,1473.25087819362
2.95499999999979,1473.25075806256
2.95599999999979,1473.25063798957
2.95699999999979,1473.2505179746
2.95799999999979,1473.25039801764
2.95899999999979,1473.25027811867
2.95999999999979,1473.25015827764
2.96099999999978,1473.25003849453
2.96199999999978,1473.24991876932
2.96299999999978,1473.24979910197
2.96399999999978,1473.24967949245
2.96499999999978,1473.24955994074
2.96599999999978,1473.2494404468
2.96699999999978,1473.24932101062
2.96799999999978,1473.24920163217
2.96899999999978,1473.24908231141
2.96999999999978,1473.2489630483
2.97099999999978,1473.24884384283
2.97199999999978,1473.24872469498
2.97299999999978,1473.2486056047
2.97399999999978,1473.24848657197
2.97499999999978,1473.24836759677
2.97599999999978,1473.24824867906
2.97699999999978,1473.24812981882
2.97799999999978,1473.24801101601
2.97899999999978,1473.24789227062
2.97999999999978,1473.24777358261
2.98099999999978,1473.24765495194
2.98199999999978,1473.24753637861
2.98299999999978,1473.24741786257
2.98399999999978,1473.2472994038
2.98499999999978,1473.24718100228
2.98599999999978,1473.24706265796
2.98699999999978,1473.24694437083
2.98799999999978,1473.24682614086
2.98899999999978,1473.24670796801
2.98999999999978,1473.24658985225
2.99099999999978,1473.24647179358
2.99199999999978,1473.24635379195
2.99299999999978,1473.24623584733
2.99399999999978,1473.2461179597
2.99499999999978,1473.24600012903
2.99599999999978,1473.24588235529
2.99699999999978,1473.24576463846
2.99799999999978,1473.2456469785
2.99899999999978,1473.24552937538
2.99999999999978,1473.24541182909
